本文,歌人,歌集,年代,雑誌
上高地溫泉,島木赤彦,馬鈴薯の花,1910,アララギ
森深く鳥鳴きやみてたそがるる木の間の水のほの明りかも,島木赤彦,馬鈴薯の花,1910,アララギ
久方の朝あけの底に白雲の靑嶺の眠り未だこもれり,島木赤彦,馬鈴薯の花,1910,アララギ
一人ゐるいでゆの日かず山に馴れし思ひのするもさびしくありけり,島木赤彦,馬鈴薯の花,1910,アララギ
花原の道はきはまる森の中の靜けさ思へば鴨鳴くきこゆ,島木赤彦,馬鈴薯の花,1910,アララギ
客居,島木赤彦,馬鈴薯の花,1910,アララギ
,島木赤彦,馬鈴薯の花,1910,アララギ
,島木赤彦,馬鈴薯の花,1910,アララギ
げんげ田に寢ころぶしつつ行く雲のとほちの人を思ひたのしむ,島木赤彦,馬鈴薯の花,1910,アララギ
妻子らを遠くおき來ていとまある心さびしく花ふみあそぶ,島木赤彦,馬鈴薯の花,1910,アララギ
げんげんの花原めぐるいくすぢの水遠くあふ夕映も見ゆ,島木赤彦,馬鈴薯の花,1910,アララギ
夕日さすげんげの色にかへるべき野の家思へばさびしくありけり,島木赤彦,馬鈴薯の花,1910,アララギ
ゆふされば母が乳房をふくみ寢ぬる幼な心地に花にこもれり,島木赤彦,馬鈴薯の花,1910,アララギ
物思へば思ひはてなき胸のものをおほにおぼろに花にやすらふ,島木赤彦,馬鈴薯の花,1910,アララギ
明治四十三年,島木赤彦,馬鈴薯の花,1910,アララギ
廣丘村,島木赤彦,馬鈴薯の花,1910,アララギ
草枯の野のへにみつる晝すぎの光の下に動くものもなし,島木赤彦,馬鈴薯の花,1910,アララギ
冬枯の野に向く窓や夕ぐれの寒さ早かり日は照しつつ,島木赤彦,馬鈴薯の花,1910,アララギ
幹立ち,島木赤彦,馬鈴薯の花,1910,アララギ
冬の木の白き莖立ほのぼのし夕日ののちの野にみだれ見ゆ,島木赤彦,馬鈴薯の花,1910,アララギ
冬野吹く風をはげしみ戸をとぢてタ灯をともす妻遠く在り,島木赤彦,馬鈴薯の花,1910,アララギ
ところどころ野のくぼたみにたたへたる雪解のにごり靜かなるかも,島木赤彦,馬鈴薯の花,1910,アララギ
はるさめの筑摩桑原灰いろに草枯山の遠薄くあり,島木赤彦,馬鈴薯の花,1910,アララギ
草の中の家あちこちと夕ともす灯のひかり雨に濕れて見ゆ,島木赤彦,馬鈴薯の花,1910,アララギ
雨あがる深蒼原にひとしきり暮れの名殘の明るみにけり,島木赤彦,馬鈴薯の花,1910,アララギ
いささかの丘にかくろふ天の川のうすほの明りその丘の草,島木赤彦,馬鈴薯の花,1910,アララギ
かかる國に生れし民ら起き出でて花野の川に水を汲むかも,島木赤彦,馬鈴薯の花,1910,アララギ
いとつよき日ざしに照らふ丹の頰を草の深みにあひ見つるかな,島木赤彦,馬鈴薯の花,1910,アララギ
草の日のいきれの中にわぎもこの丈けはかくろふわが腕のへに,島木赤彦,馬鈴薯の花,1910,アララギ
夏草のいよよ深きにつつましき心かなしくきはまりにけり,島木赤彦,馬鈴薯の花,1910,アララギ
さ夜ふかき霧の奧べに照らふもの月の下びに水かあるらし,島木赤彦,馬鈴薯の花,1910,アララギ
霧明りかくおぼろなる土の上にとほく別るる人やあるらん,島木赤彦,馬鈴薯の花,1910,アララギ
この朝け障子ばりする緣先きの石のはだへへにさ霧ふりつつ,島木赤彦,馬鈴薯の花,1910,アララギ
湖のあふれ未だ引きゃらぬ稻原の夜のいろ深し稻光りする,島木赤彦,馬鈴薯の花,1910,アララギ
露霜をしげみ寒けみ富士見野の龍膽の花紺ならんとす,島木赤彦,馬鈴薯の花,1910,アララギ
とりいれのをはりの豆を打ちをへて筵をたたむ日暮の夫婦,島木赤彦,馬鈴薯の花,1910,アララギ
この山の紅葉に來つつ家の人と夜々の炬煙にしたしみにけり,島木赤彦,馬鈴薯の花,1910,アララギ
小夜ふかく炬燵にゐつつ庭つづき原なることをさびしみにけり,島木赤彦,馬鈴薯の花,1910,アララギ
,島木赤彦,馬鈴薯の花,1910,アララギ
明治四十四年,島木赤彦,馬鈴薯の花,1910,アララギ
草枯の國のくぼみにかたまれる沼のいくつに日あたりにけり,島木赤彦,馬鈴薯の花,1910,アララギ
廣丘村,島木赤彦,馬鈴薯の花,1910,アララギ
いささかの心動きに冬がれの林の村を去らんと思ひし,島木赤彦,馬鈴薯の花,1910,アララギ
この朝け霧おぼろなる木の影に日のけはひして鳥鳴きにけり,島木赤彦,馬鈴薯の花,1910,アララギ
冬川原日にけに涸るる水を追ひて菜洗ふ娘らの集まりにけり,島木赤彦,馬鈴薯の花,1910,アララギ
短か日の川原をいそぐ乏しらの水のあよみよ寒けかりけり,島木赤彦,馬鈴薯の花,1910,アララギ
いささ瀨の水にうつろふ夕映に菜洗ふ手もと明るみにけり,島木赤彦,馬鈴薯の花,1910,アララギ
林の村を去る　六首,島木赤彦,馬鈴薯の花,1910,アララギ
斯くのごとかなしき胸を森ふかき靑蘇の上に一人居りつつ,島木赤彦,馬鈴薯の花,1910,アララギ
この森の奥どにこもる丹の花のとはにさくらん森のおくどに,島木赤彦,馬鈴薯の花,1910,アララギ
二年を物思ふとき安らかに我を置きたるかなし森はも,島木赤彦,馬鈴薯の花,1910,アララギ
この蘇に來てあそびたる友二人亡き人となりしきのふの如し,島木赤彦,馬鈴薯の花,1910,アララギ
春ひと日雪とけきゆる靑蘇の林のにほひ日を浮けにけり,島木赤彦,馬鈴薯の花,1910,アララギ
この森のをはりの步みやはらかに蘇に觸りつつ日は暮るるかな,島木赤彦,馬鈴薯の花,1910,アララギ
眼のまへにその人はありとこしへに消えてゆくべきその人はあり,島木赤彦,馬鈴薯の花,1910,アララギ
いち日の尊きことをつくづくと心に沁みて手をとりにけり,島木赤彦,馬鈴薯の花,1910,アララギ
たまさかに人のかたちにあらはれて二人睦びぬ淚ながるる,島木赤彦,馬鈴薯の花,1910,アララギ
うつくしく消えてかへらぬ星屑のとはの光を知りそめにけり,島木赤彦,馬鈴薯の花,1910,アララギ
やせ松の松かさたたく小鳥らの嘴寒からんこの朝の霜に,島木赤彦,馬鈴薯の花,1910,アララギ
つかま野の冬木の松のまばら松小鳥と我と住み馴れにけり,島木赤彦,馬鈴薯の花,1910,アララギ
茴香の花の靜みにほのゆるる宵のかをりや星に沁むらん,島木赤彦,馬鈴薯の花,1910,アララギ
うゐきゃうの花の畑に宵はやく眠れる星を二人見にけり,島木赤彦,馬鈴薯の花,1910,アララギ
靜かなる曇りのおきに火の星のほのかに赤し淚ぐまるる,島木赤彦,馬鈴薯の花,1910,アララギ
遠く行く幼弟に　四首,島木赤彦,馬鈴薯の花,1910,アララギ
貧しき家に生れて遠き國に行くべきものと思ひ行くかも,島木赤彦,馬鈴薯の花,1910,アララギ
ちちははは老いていますと思ひつつ行きゆくままに遠く行くらん,島木赤彦,馬鈴薯の花,1910,アララギ
五月雨の靑葉の家に安らかにしづかに汝れをおく時過ぎぬ,島木赤彦,馬鈴薯の花,1910,アララギ
生れたる家にいくらも住みあへず藥をもりて奧蝦夷の家に,島木赤彦,馬鈴薯の花,1910,アララギ
眞菰草風通しよき池の家の晴れのいち日よしきり鳴くも,島木赤彦,馬鈴薯の花,1910,アララギ
物おもひ晝寢に入れる夢の人の家をしづかによしきり鳴くも,島木赤彦,馬鈴薯の花,1910,アララギ
しが肌かせのさはりの遠ざかりうつらうつらに夢に入るらむ,島木赤彦,馬鈴薯の花,1910,アララギ
めざましき若葉の色の日のいろの搖れを靜かにたのしみにけり,島木赤彦,馬鈴薯の花,1910,アララギ
眞菰風吹きふく風に今日ひと日しづかにあり得しことを思ひぬ,島木赤彦,馬鈴薯の花,1910,アララギ
おぼつかなき雨のあがりに夕方の麥の黃ばみはうすほのめけり,島木赤彦,馬鈴薯の花,1910,アララギ
おぼほしき曇りの中に遠き麥の黃をくきやかに洩る夕日あり,島木赤彦,馬鈴薯の花,1910,アララギ
高原の村に來てすみ家の人とすこししたしみ茶をのみにけり,島木赤彦,馬鈴薯の花,1910,アララギ
若葉するこの村に來てあはれなる話を二つきかされにけり,島木赤彦,馬鈴薯の花,1910,アララギ
,島木赤彦,馬鈴薯の花,1910,アララギ
ほろび行く湖ベの村に一夜寢てとぼとぼ行きぬ山のそこひを,島木赤彦,馬鈴薯の花,1910,アララギ
靜かに一人遊ばんと來りつる山のみづうみ暮れ入りにけり,島木赤彦,馬鈴薯の花,1910,アララギ
かく澄める山のみづに來てたまさかにひと日を遊びかへり行くかな,島木赤彦,馬鈴薯の花,1910,アララギ
湖づたひ若木しみみの葉をひたしふりふる雨のやむ日を知らず,島木赤彦,馬鈴薯の花,1910,アララギ
燒石原雨にさび立つみどり木の木ぶかく寒く我をおくかな,島木赤彦,馬鈴薯の花,1910,アララギ
降りにふる日ねもすの雨に山の裾ひろら靑野も今萎るべし,島木赤彦,馬鈴薯の花,1910,アララギ
女坂峠より,島木赤彦,馬鈴薯の花,1910,アララギ
古繪圖の埃はらひて靜かなる湖を驛を其所に見るごと,島木赤彦,馬鈴薯の花,1910,アララギ
裾野の家　六首,島木赤彦,馬鈴薯の花,1910,アララギ
ゐろり火の次の室くらく宵ふけて物さびしらにいや火を焚きぬ,島木赤彦,馬鈴薯の花,1910,アララギ
夜をおそく茶をのみをへて何となく足らはぬ思ひ火を焚きたきぬ,島木赤彦,馬鈴薯の花,1910,アララギ
しづかなる事ども思ひ火を焚きて起きてあることたぬしかるかも,島木赤彦,馬鈴薯の花,1910,アララギ
更けの火のうつらうつらに遠人を思ふともなしぬくとくなりて,島木赤彦,馬鈴薯の花,1910,アララギ
あが心は靜かなるかもゐろり火の搖れのうすれの壁に搖る影,島木赤彦,馬鈴薯の花,1910,アララギ
ゐろり火のもえのさかりをもだしつつ何はも我は思ひ居るらむ,島木赤彦,馬鈴薯の花,1910,アララギ
草の中の赤錆び水におきてある夕日の舟は死にてあるかも,島木赤彦,馬鈴薯の花,1910,アララギ
さやさやし蕎麥の花畑風のむた動くを見れば我もゆるるがに,島木赤彦,馬鈴薯の花,1910,アララギ
,島木赤彦,馬鈴薯の花,1910,アララギ
ニニニ,島木赤彦,馬鈴薯の花,1910,アララギ
,島木赤彦,馬鈴薯の花,1910,アララギ
明治四十五年（大正元年,島木赤彦,馬鈴薯の花,1910,アララギ
,島木赤彦,馬鈴薯の花,1910,アララギ
ニー四,島木赤彦,馬鈴薯の花,1910,アララギ
山の驛　八首,島木赤彦,馬鈴薯の花,1910,アララギ
たまたまに汽車とどまれば冬さびの山の驛に人の音すも,島木赤彦,馬鈴薯の花,1910,アララギ
この朝の汽車はすぎけれ家並の日あたりおそく靜かなるかも,島木赤彦,馬鈴薯の花,1910,アララギ
山の驛霧のしづくのそぼそぼにをみなのともら濡れて來にけり,島木赤彦,馬鈴薯の花,1910,アララギ
物を煮る店のゐろりに曉がたの面わやさしくさ霧流らふ,島木赤彦,馬鈴薯の花,1910,アララギ
肉を賣る家のうしろに野の木立夕燒さむく枝をひろげぬ,島木赤彦,馬鈴薯の花,1910,アララギ
うすれゆく夕日の驛に客を呼ぶをんなの聲はうれし聲かも,島木赤彦,馬鈴薯の花,1910,アララギ
霜晴れの夜空のうまや路いづべにかだみ聲おそく唄ひのこれり,島木赤彦,馬鈴薯の花,1910,アララギ
栗燒きし火鉢の色も火の色もつめたく遠くすぎ去りにけり,島木赤彦,馬鈴薯の花,1910,アララギ
朝照る日のうすら霜ひえびえと蓼の丹莖にとけて沁むかな,島木赤彦,馬鈴薯の花,1910,アララギ
馬ぐそに深くかぶさる朝の霜この澤の道に我れ動くかな,島木赤彦,馬鈴薯の花,1910,アララギ
あさの霜とけて流らふ庭石の日の冷めたさを踏みて入りつる,島木赤彦,馬鈴薯の花,1910,アララギ
枯菰に水は動かず底淺の泥明かあかと日あたりにけり,島木赤彦,馬鈴薯の花,1910,アララギ
あるものは,島木赤彦,馬鈴薯の花,1910,アララギ
,島木赤彦,馬鈴薯の花,1910,アララギ
あるものは萩刈日和木瓜の果を二人つみつつ相戀ひにけり,島木赤彦,馬鈴薯の花,1910,アララギ
あるものは髮をなほすと嫁ぎゆきて春の蠶上げぬ別れ來にけり,島木赤彦,馬鈴薯の花,1910,アララギ
あるものは草刈小屋の草月夜ねぶりて妻をぬすまれにけり,島木赤彦,馬鈴薯の花,1910,アララギ
あるものは金ある家にとつぎ得て蠶がひ窶れぬ病みてかへらず,島木赤彦,馬鈴薯の花,1910,アララギ
女をあはれむ　三首,島木赤彦,馬鈴薯の花,1910,アララギ
うら若ききょら心に鞭あっることはたやすしあはれなるかな,島木赤彦,馬鈴薯の花,1910,アララギ
天地の千とせの後にささやけきうつくし心を誰か知るらん,島木赤彦,馬鈴薯の花,1910,アララギ
たまたまに物かげに行きて淚ふくうら若かひなむごきことすも,島木赤彦,馬鈴薯の花,1910,アララギ
霜らしく白けし草にちやうちんの光搖れゆれ野をのぼるかな,島木赤彦,馬鈴薯の花,1910,アララギ
日の沒りの名殘りの明りうすうすとわがかへる野の家見ゆるかな,島木赤彦,馬鈴薯の花,1910,アララギ
野の家に火をあかあかと一人して心安らにねむり得るかな,島木赤彦,馬鈴薯の花,1910,アララギ
玉川村,島木赤彦,馬鈴薯の花,1910,アララギ
家をそとに三年馴れつつ宵さむき火桶のうへに手をよせにけり,島木赤彦,馬鈴薯の花,1910,アララギ
火に倚りてまなこつぶりぬ遠々に野に來て住みし身を思ひつつ,島木赤彦,馬鈴薯の花,1910,アララギ
いち日のをはりしづかに見えきたる幼なおもわをうすら火のへに,島木赤彦,馬鈴薯の花,1910,アララギ
,島木赤彦,馬鈴薯の花,1910,アララギ
死火山の裾野の冬のなほ長き日數思ひつつ灯をともすかも,島木赤彦,馬鈴薯の花,1910,アララギ
,島木赤彦,馬鈴薯の花,1910,アララギ
西窓のうすら明りに藁をうつ隣のおとのはや聞え居り,島木赤彦,馬鈴薯の花,1910,アララギ
枯芝の土手の日あたり折々に土のかわきのこぼるるけはひ,島木赤彦,馬鈴薯の花,1910,アララギ
曉の溫泉の霧低く沈みつつ氷の湖に流れ行くかな,島木赤彦,馬鈴薯の花,1910,アララギ
人動きつっ,島木赤彦,馬鈴薯の花,1910,アララギ
橇唄もなき土地なれや氷の湖靄さむざむに影動きつつ,島木赤彦,馬鈴薯の花,1910,アララギ
おぼほしく眉に來觸るる霧しづく食をもとめて朝を行くかな,島木赤彦,馬鈴薯の花,1910,アララギ
岸の家日の沒りはやくともす灯の氷の湖にうすくいくつも,島木赤彦,馬鈴薯の花,1910,アララギ
冬枯原吹きあるる風の西窓に日ねもす鳴りぬ日を明かあかと,島木赤彦,馬鈴薯の花,1910,アララギ
丘より町に歸る途上,島木赤彦,馬鈴薯の花,1910,アララギ
八,島木赤彦,馬鈴薯の花,1910,アララギ
灰いろの草がれ道を毛物にてあるが如くに思ひて動く,島木赤彦,馬鈴薯の花,1910,アララギ
板の上に煙草のほくその吹かるるに似たりおのれは野をいそぐなり,島木赤彦,馬鈴薯の花,1910,アララギ
白ぎれの粟稈畠に立ちとまり何思ひしか今忘れたり,島木赤彦,馬鈴薯の花,1910,アララギ
ひよろ長き草の枯れがらにいや深に疲れ心の觸はり行くかな,島木赤彦,馬鈴薯の花,1910,アララギ
想ひ出　五首,島木赤彦,馬鈴薯の花,1910,アララギ
森深く丹の花咲きき吹く風もそこに寂しく冷めたくありき,島木赤彦,馬鈴薯の花,1910,アララギ
丹の花は搖れて靜みき森の風の流らふ蘇はただ靑かりき,島木赤彦,馬鈴薯の花,1910,アララギ
うつらうつら丹の花のへに眼をあきて見てあるままに夢かと思ひき,島木赤彦,馬鈴薯の花,1910,アララギ
日の暮るる蘇の靑みに身ひとりの頰を觸りつつ淚流れき,島木赤彦,馬鈴薯の花,1910,アララギ
里芋のちひさ畠を森に入りしおのが姿の今見ゆるかな,島木赤彦,馬鈴薯の花,1910,アララギ
一つの赤ぬり馬車に春の雪の重くうつくしく走りて行くよ,島木赤彦,馬鈴薯の花,1910,アララギ
野の朝の土のしめりに春らしき光を踏みぬ町にむかひて,島木赤彦,馬鈴薯の花,1910,アララギ
草枯の土ひそやかに愛らしき春龍膽は眼をあきにけり,島木赤彦,馬鈴薯の花,1910,アララギ
枯草のそよぎのかげに暮れてゆく春りんだうは幽かなるかも,島木赤彦,馬鈴薯の花,1910,アララギ
別れて後に,島木赤彦,馬鈴薯の花,1910,アララギ
障子しめて廊下に出でぬかくの如わけなきものに別れてしまひぬ,島木赤彦,馬鈴薯の花,1910,アララギ
廊下の板に足うらのさはるとき我らは長く別れてありぬ,島木赤彦,馬鈴薯の花,1910,アララギ
夏蜜柑ひとつ貰ひて持ちてある思ひはかなく汽車動くなり,島木赤彦,馬鈴薯の花,1910,アララギ
腰掛けてベンチにありぬ乾からびしあまたの顏が我が询にありぬ,島木赤彦,馬鈴薯の花,1910,アララギ
口かずを餘りきかずに別れしがま徹しきかな懷しきかな,島木赤彦,馬鈴薯の花,1910,アララギ
我らのかなし瞳の,島木赤彦,馬鈴薯の花,1910,アララギ
合ひたるがかのタの灯にいくほどなりし,島木赤彦,馬鈴薯の花,1910,アララギ
眞鑰の火鉢,島木赤彦,馬鈴薯の花,1910,アララギ
蛙のはなしもやみぬ二人して遠き蛙に耳かたぶけぬ,島木赤彦,馬鈴薯の花,1910,アララギ
煙草のけぶりの末も見えぬまで庭の茂りは界れてありけり,島木赤彦,馬鈴薯の花,1910,アララギ
夕はやく冷え來る緣にうち觸るる寂し肌へを顫はせにけり,島木赤彦,馬鈴薯の花,1910,アララギ
向つ家の二階の窓ゆ喑き木に燈がさしそむるひそか心や,島木赤彦,馬鈴薯の花,1910,アララギ
障子の紙もしめりぬかそかなる家ぬちに入りて灯をともすなり,島木赤彦,馬鈴薯の花,1910,アララギ
二人して宵さびしければ真鍮の火鉢によりて火をふきにけり,島木赤彦,馬鈴薯の花,1910,アララギ
寂しき禽　六首,島木赤彦,馬鈴薯の花,1910,アララギ
春草の日陰の水にひとり飮む小さき禽の喉がかはゆや,島木赤彦,馬鈴薯の花,1910,アララギ
草の水細きかよわき嘴入れて小禽は眼をもつぶり飮むかや,島木赤彦,馬鈴薯の花,1910,アララギ
胸の毛の短か若毛をうち濡らし禽はかよわく身振ひにけり,島木赤彦,馬鈴薯の花,1910,アララギ
草の中の若鳥思へばわが胸の底にやさしく來るけはひすも,島木赤彦,馬鈴薯の花,1910,アララギ
春おそき光の中にいささかの草のかげして籠るなりけり,島木赤彦,馬鈴薯の花,1910,アララギ
草の中の寂し鳥にていつまでも其所にあれよと涙流るる,島木赤彦,馬鈴薯の花,1910,アララギ
このごろは多く曇れりおろおろに淚流れて籠る日もあり,島木赤彦,馬鈴薯の花,1910,アララギ
つとめに出でねばならず薄ら日の曇りの窓にスボン穿くひとり,島木赤彦,馬鈴薯の花,1910,アララギ
ひるの土に下駄の音して入り來つる人を誰れかとひそみ居るなり,島木赤彦,馬鈴薯の花,1910,アララギ
まとまらぬ疲れ心のおぼろかに法師姿が見え來るかな,島木赤彦,馬鈴薯の花,1910,アララギ
生きてあらばこのはかな身のほそぼそに髮をおろして住む日もあらん,島木赤彦,馬鈴薯の花,1910,アララギ
,島木赤彦,馬鈴薯の花,1910,アララギ
夏家居十一首,島木赤彦,馬鈴薯の花,1910,アララギ
夏桑の茂りに壓さるる窓の下いく日か經にし我がよわき肌は,島木赤彦,馬鈴薯の花,1910,アララギ
夏の桑黑き靑みにあが心日にけに染みて腐るなりけり,島木赤彦,馬鈴薯の花,1910,アララギ
疲れてあつき座敷にまろぶ我れに何びとも物を言はずしてくれよ,島木赤彦,馬鈴薯の花,1910,アララギ
斯うしては居られぬやうな底心かゆくなり來る桑の光りに,島木赤彦,馬鈴薯の花,1910,アララギ
はかなくひとりいねてあれ、今宵もあまた蚤來て我をはむらん,島木赤彦,馬鈴薯の花,1910,アララギ
父らしき臭ひすればか子らあまた暑く苦しくよりて來るかな,島木赤彦,馬鈴薯の花,1910,アララギ
暑苦しく寢ころびて居れば汽車の響きとろとろと來る日も腐るがに,島木赤彦,馬鈴薯の花,1910,アララギ
玉蜀黍の穗は思ふことなきやうに夕日の風に搖り眠るかな,島木赤彦,馬鈴薯の花,1910,アララギ
かひこが、皆死にしかば南瓜きる早きおそきをいさかひにけり,島木赤彦,馬鈴薯の花,1910,アララギ
蟲が來てランプに鳴きぬ夜の室の古き疊に寢反れる子どもら,島木赤彦,馬鈴薯の花,1910,アララギ
わが燈は桑のしげりの奧深く死にて冷めたきものを照せり,島木赤彦,馬鈴薯の花,1910,アララギ
萱草花の夕日の川に出でしとき別れは其所に待ちてありけり,島木赤彦,馬鈴薯の花,1910,アララギ
夕日の朱を吸ひ盛るくわんざうの花に男はあはれなりけり,島木赤彦,馬鈴薯の花,1910,アララギ
今別れんとする心の靜けさ、くわんざうの夕日の朱は死にて動かず,島木赤彦,馬鈴薯の花,1910,アララギ
木曾藪原,島木赤彦,馬鈴薯の花,1910,アララギ
,島木赤彦,馬鈴薯の花,1910,アララギ
山にしてはや秋らしく鳴く蟲を抱きてやりたき宵ごころかな,島木赤彦,馬鈴薯の花,1910,アララギ
雨たまる驛の道にうすらなる灯りをなげて櫛賣れるかな,島木赤彦,馬鈴薯の花,1910,アララギ
重もおもしき木の屋根竝びうまや路を晝ひそやかに我行きにけり,島木赤彦,馬鈴薯の花,1910,アララギ
山にして蟲なくなべに峽の底家も沈みて行く心地かも,島木赤彦,馬鈴薯の花,1910,アララギ
河みづのあの幾筋に分れたる砂原に居らば寂しかるらん,島木赤彦,馬鈴薯の花,1910,アララギ
夕白く河原母子草のうち靡く川はらに來て見るさびしさよ,島木赤彦,馬鈴薯の花,1910,アララギ
家居,島木赤彦,馬鈴薯の花,1910,アララギ
雨あがる夕べの寒さ何處よりか日影洩れ來ぬ襖の上に,島木赤彦,馬鈴薯の花,1910,アララギ
桑つみに行きたる妻もかへらねばおのれ一人を暮れめぐるかな,島木赤彦,馬鈴薯の花,1910,アララギ
家の隅桑に飢ゑたる蠶らもわがともす灯をうれしかるらん,島木赤彦,馬鈴薯の花,1910,アララギ
畑の上黃の蔓枯れのいちじるく夕にほひつつ黑ずみにけり,島木赤彦,馬鈴薯の花,1910,アララギ
南瓜の花,島木赤彦,馬鈴薯の花,1910,アララギ
向ひ家の南瓜の花は屋根をこえて延び來るかな黃の花を向けて,島木赤彦,馬鈴薯の花,1910,アララギ
南瓜の花見てあれば啞娘いくたりも來て窓に竝びぬ,島木赤彦,馬鈴薯の花,1910,アララギ
うつくしき啞娘らがあはれげに南瓜の花にかへりゆくかな,島木赤彦,馬鈴薯の花,1910,アララギ
暗しくらしかの唐茄子の花底に蜜吸ふ虻もくさり居るらん,島木赤彦,馬鈴薯の花,1910,アララギ
娘が、工女となりて行きしかば南瓜の花に家を任せぬ,島木赤彦,馬鈴薯の花,1910,アララギ
病院の前の下宿,島木赤彦,馬鈴薯の花,1910,アララギ
まだ解かぬ荷のかたはらにあはれなる我が子をおきぬ毛布をきせて,島木赤彦,馬鈴薯の花,1910,アララギ
膝の前の冷めたき穴に重もおもと幾日の•灰の濕めり居るかな,島木赤彦,馬鈴薯の花,1910,アララギ
疊の、久しき冷えが三人を待ちて居しよな坐り心かな,島木赤彦,馬鈴薯の花,1910,アララギ
あはれなる父ははとなりてすわり居るあが膝すらを疑ひにけり,島木赤彦,馬鈴薯の花,1910,アララギ
いづこに今日來りしか知らぬゆゑに母の膝ペに眠り居るかな,島木赤彦,馬鈴薯の花,1910,アララギ
すぐ其所に見ゆる怖れを黙しつつうつろの部屋を見まはしにけり,島木赤彦,馬鈴薯の花,1910,アララギ
疲れつつ眠り入りたる子のそばに帶をほどきぬあはれなる妻は,島木赤彦,馬鈴薯の花,1910,アララギ
寂しき、二人ごころのしたしみに茶のみ茶碗を買ひに行くなり,島木赤彦,馬鈴薯の花,1910,アララギ
ひそましき障子のけはひに來て觸るる夕日にも心寄る我等かな,島木赤彦,馬鈴薯の花,1910,アララギ
岡谷　三首,島木赤彦,馬鈴薯の花,1910,アララギ
夕まぐれ街に沈める煤煙に灯火鈍くにじみそめつも,島木赤彦,馬鈴薯の花,1910,アララギ
けむりの街冷めたき人の眼のごとき雨が降り來て肩しめるなり,島木赤彦,馬鈴薯の花,1910,アララギ
ふいごの、火を吹く光りに人間のをはりの顏が赤く動けり,島木赤彦,馬鈴薯の花,1910,アララギ
稻の色に雨ふる晝の靜けさに沼の肌へに舟うかぶなり,島木赤彦,馬鈴薯の花,1910,アララギ
靜かに暮れゆく沼に黑き舟波動かしてあさり居るかな,島木赤彦,馬鈴薯の花,1910,アララギ
雨もよひ暮れひそみたる沼の上うれしや舟に灯がつきにけり,島木赤彦,馬鈴薯の花,1910,アララギ
靄らしきうすき濕りにつつまるる遠き灯を戀しみにけり,島木赤彦,馬鈴薯の花,1910,アララギ
町の灯の遠空明かし濕りたる夜のけはひの水にほのかに,島木赤彦,馬鈴薯の花,1910,アララギ
毎晚、もみてもらはねば眠り得ぬ氣たるき肉と今はなりつも,島木赤彦,馬鈴薯の花,1910,アララギ
按摩の、指のさはりのうつうっと疲れねぶりにねぶり行くかな,島木赤彦,馬鈴薯の花,1910,アララギ
東京　十四首,島木赤彦,馬鈴薯の花,1910,アララギ
この一室まいばん頰を寄せ馴るる火鉢ひとつはかはゆかりけれ,島木赤彦,馬鈴薯の花,1910,アララギ
おのが身に思ひかへればつまらなく火鉢の炭をつつきて居たり,島木赤彦,馬鈴薯の花,1910,アララギ
あはれなる我身を見じとする心火鉢の灰に唾吐きにけり,島木赤彦,馬鈴薯の花,1910,アララギ
今はこころ分らずなりぬ煙草をば吸ひ吸ふままに口苦がくなりぬ,島木赤彦,馬鈴薯の花,1910,アララギ
夜の街に出でて來んかと思ひつつどよみの音に疲れたるかも,島木赤彦,馬鈴薯の花,1910,アララギ
夜の街どよみを止めぬ灰の上に火鉢の緣の影する寒さ,島木赤彦,馬鈴薯の花,1910,アララギ
牛屋の、鍋の香による人だかり其のなかの我が膝がしらかな,島木赤彦,馬鈴薯の花,1910,アララギ
都の、どよみの灯影とほく來てここにひそめる濠明りかな,島木赤彦,馬鈴薯の花,1910,アララギ
鬼子母神,島木赤彦,馬鈴薯の花,1910,アララギ
,島木赤彦,馬鈴薯の花,1910,アララギ
丘のうねり暮れ靡くかな夕燒の雲の下には街の灯見ゆれ,島木赤彦,馬鈴薯の花,1910,アララギ
武藏野の芒の梟買ひに來ておそかりしかば灯ともしにけり,島木赤彦,馬鈴薯の花,1910,アララギ
大槻の冬木の家に灯ともして銅の錢かぞへけるかも,島木赤彦,馬鈴薯の花,1910,アララギ
暮れて洗ふ大根の白さ土低く武藏野の闇はひろがりて居り,島木赤彦,馬鈴薯の花,1910,アララギ
歌集を編みてやるよりも死ぬる前に一目逢ひたらばうれしがりたらん,島木赤彦,馬鈴薯の花,1910,アララギ
泊らずに歸りし事を東京の郊外に來てさびしく思ふ,島木赤彦,馬鈴薯の花,1910,アララギ
歸鄕　八首,島木赤彦,馬鈴薯の花,1910,アララギ
丘陵の芒見ゆるにうれしくて家のことはや思ひ居るかも,島木赤彦,馬鈴薯の花,1910,アララギ
疲れたる頭にしみる野の空氣うれしや朝の車の上に,島木赤彦,馬鈴薯の花,1910,アララギ
田に竝べし新藁束も家の妻にこの日かへるになつかしきもの,島木赤彦,馬鈴薯の花,1910,アララギ
大根こぐ少女を見れば丘の其所に我が家も近くある心地かな,島木赤彦,馬鈴薯の花,1910,アララギ
谷川の白くするどくいつまでも我につき來ぬトンネルを過ぎて,島木赤彦,馬鈴薯の花,1910,アララギ
谿深く夕燒の空の我が顏に赤く照りかへるこの寒さかな,島木赤彦,馬鈴薯の花,1910,アララギ
汽車の戸の雜木の夕日生れたる寂しき國に今かへり來っ,島木赤彦,馬鈴薯の花,1910,アララギ
まこと我を待ちてありやと冬の木の日ぐれの國のなつかしきからに,島木赤彦,馬鈴薯の花,1910,アララギ
野のものみな刈らるれば粗末なる土製の國に霜むすぶなる,島木赤彦,馬鈴薯の花,1910,アララギ
大根も秋菜も漬けぬ村の女は庭ベの土に栗をうづめぬ,島木赤彦,馬鈴薯の花,1910,アララギ
櫟の、冬葉のかげをくぐり居し禽の羽色はふと見えにけり,島木赤彦,馬鈴薯の花,1910,アララギ
柿の皮剝きてしまへば茶をいれぬ夜の長きこそうれしかりけれ,島木赤彦,馬鈴薯の花,1910,アララギ
夜寒の手栗を燒きたる眞白き手さびしかりし手うれしかりし手,島木赤彦,馬鈴薯の花,1910,アララギ
くどく言ふ女の前におとなしく煙草の烟をふきて居りけり,島木赤彦,馬鈴薯の花,1910,アララギ
水だまりじめじめと草の枯れ寢たる重みにあが眼は堪へかぬるかな,島木赤彦,馬鈴薯の花,1910,アララギ
すぐ其所に、粟稈の畠、白樺の裂けたる幹、獸の女,島木赤彦,馬鈴薯の花,1910,アララギ
破壊れたる女ぞと思ひ向へれば今はくよくよ愛しくてならず,島木赤彦,馬鈴薯の花,1910,アララギ
疲れつつ寢入りて居りぬ壊れたる心うつくしき寢顏なるかな,島木赤彦,馬鈴薯の花,1910,アララギ
ありし日の少女のやうな眼してなぜに今宵は迎へくるるや,島木赤彦,馬鈴薯の花,1910,アララギ
酒のめばほろほろ泣きぬ今は何もあきらめてある我が膝にむきて,島木赤彦,馬鈴薯の花,1910,アララギ
,島木赤彦,馬鈴薯の花,1910,アララギ
.二三五,島木赤彦,馬鈴薯の花,1910,アララギ
,島木赤彦,馬鈴薯の花,1910,アララギ
大正二年,島木赤彦,馬鈴薯の花,1910,アララギ
二三六,島木赤彦,馬鈴薯の花,1910,アララギ
この夕べ,島木赤彦,馬鈴薯の花,1910,アララギ
柱にかけし洋服の皺は寂しく垂りてあるかも,島木赤彦,馬鈴薯の花,1910,アララギ
倒るとすらむ日ぐれの室に,島木赤彦,馬鈴薯の花,1910,アララギ
今の我をすこし押したらばそのままに倒れんとする日は暮れにつつ,島木赤彦,馬鈴薯の花,1910,アララギ
わが側に農夫一人黙りつつありと思ふも疲れんとする,島木赤彦,馬鈴薯の花,1910,アララギ
茶を飮みて心靜まれ長靴の重みが足につきて居るかな,島木赤彦,馬鈴薯の花,1910,アララギ
林中,島木赤彦,馬鈴薯の花,1910,アララギ
丘陵の冬の林を裂くやうに白樺の幹の夕幾條も,島木赤彦,馬鈴薯の花,1910,アララギ
おのが身に思ひ落ちゆく眼をあげて寒き木肌に守られにけり,島木赤彦,馬鈴薯の花,1910,アララギ
ーと平芒黃いろの日のたまり林を出でし身のけはひかな,島木赤彦,馬鈴薯の花,1910,アララギ
道のへの石のかげにはいち日の霜消えずありわが步みかな,島木赤彦,馬鈴薯の花,1910,アララギ
遠くの、灯をこひしがる我が眼つき冬の林の空透きたるに,島木赤彦,馬鈴薯の花,1910,アララギ
諏訪湖　八首,島木赤彦,馬鈴薯の花,1910,アララギ
氷のいろ太陽に緩りぬれば船の腹地上に赤く塗られて居たり,島木赤彦,馬鈴薯の花,1910,アララギ
船孤つ丹に塗らるればさびさびに日は雪山のかげに沒りたり,島木赤彦,馬鈴薯の花,1910,アララギ
ま寂しく生れたる身は山かげに赤き船浮く湖を見にけり,島木赤彦,馬鈴薯の花,1910,アララギ
いと長き冬よりさめてささやけき波は寂しく動きたるかな,島木赤彦,馬鈴薯の花,1910,アララギ
孤つにて浮ぶ丹の船この春も山の湖水にひとつ丹の船,島木赤彦,馬鈴薯の花,1910,アララギ
このやうにあはれがりつつ身は今は赤く濕れたる舟に寄るかな,島木赤彦,馬鈴薯の花,1910,アララギ
平板に馴れし眼をこそばゆく明るき雲に今あぐるかな,島木赤彦,馬鈴薯の花,1910,アララギ
心よわくなりてある身を大切に山べの家に寢にかへるなり,島木赤彦,馬鈴薯の花,1910,アララギ
落葉松の萌黄の芽ぶき快樂の日は心臟にしのび來るかな,島木赤彦,馬鈴薯の花,1910,アララギ
萌黄の芽林にもえて,島木赤彦,馬鈴薯の花,1910,アララギ
萌黃の日林にみちて健康の丹頰の少女を步ませにけり,島木赤彦,馬鈴薯の花,1910,アララギ
うすうすと暮れ入る丘を汽車のゆげは赤くやはらかく流れたるかな,島木赤彦,馬鈴薯の花,1910,アララギ
ひそか灯に今は別るれほのぼのと雨ふる道は曉けてゐるかな,島木赤彦,馬鈴薯の花,1910,アララギ
兩側にいまだ眠れる家のさまわが身のけはひのいとほしさかな,島木赤彦,馬鈴薯の花,1910,アララギ
街道のほこりにしめるこまか雨心は今は消えんとするに,島木赤彦,馬鈴薯の花,1910,アララギ
心よわき我なれば今町そとの雨に佇みて息をするなり,島木赤彦,馬鈴薯の花,1910,アララギ
ひそかなるものを遺して遙々に步めば今は一人なるかな,島木赤彦,馬鈴薯の花,1910,アララギ
野をとほく步めるなべに落ちゐつる心おろおろ泣き出でにけり,島木赤彦,馬鈴薯の花,1910,アララギ
わかわかしき草の平地に出でしかば向股かゆく快くなれるかも,島木赤彦,馬鈴薯の花,1910,アララギ
流れ來るかな,島木赤彦,馬鈴薯の花,1910,アララギ
嫩草の步みのさはりしみじみとさびし心の流れ來るなる,島木赤彦,馬鈴薯の花,1910,アララギ
誰かに行きたくなりぬま寂しま草のみどりに身は冷えぬれば,島木赤彦,馬鈴薯の花,1910,アララギ
五六本榛の若芽のふく見つつおのが胸べに手をさはるなり,島木赤彦,馬鈴薯の花,1910,アララギ
子どもはみな悲しさうなる面わしてあが眼つぶれば來て竝ぶかな,島木赤彦,馬鈴薯の花,1910,アララギ
弟の徵兵檢査　五首,島木赤彦,馬鈴薯の花,1910,アララギ
奧蝦夷は草萌えたらん裸にて體ばかりにかかりてあらん,島木赤彦,馬鈴薯の花,1910,アララギ
公の徵しに召されて今は行く身は細々とやさしかるかな,島木赤彦,馬鈴薯の花,1910,アララギ
やさしく汝れを生みたる父母は手を額にしてうれひたまへり,島木赤彦,馬鈴薯の花,1910,アララギ
膏けのみなぎりさかる皮膚の張りわかき男の裸體おもほゆ,島木赤彦,馬鈴薯の花,1910,アララギ
島に住む男のからだ氣の張りの少しよわりて草をふむらん,島木赤彦,馬鈴薯の花,1910,アララギ
折からよ汽笛あはれに聞え來れ雨ふりにふる晝萌黃原,島木赤彦,馬鈴薯の花,1910,アララギ
鐵瓶の下しらしらと燃えぬればあはれなる晝の雨は降るなり,島木赤彦,馬鈴薯の花,1910,アララギ
下男らは爐に足投げぬ猶若葉雨白々と吹きさかる今,島木赤彦,馬鈴薯の花,1910,アララギ
廣き圍爐裏女の眼には春ふかき萌黃の雨のしみて來るなり,島木赤彦,馬鈴薯の花,1910,アララギ
歌a馬鈴薯の花,島木赤彦,馬鈴薯の花,1910,アララギ
四,島木赤彦,馬鈴薯の花,1910,アララギ
歌,島木赤彦,馬鈴薯の花,1910,アララギ
集,島木赤彦,馬鈴薯の花,1910,アララギ
切,島木赤彦,馬鈴薯の花,1910,アララギ
火,島木赤彦,馬鈴薯の花,1910,アララギ
八丈島（大正三年）,島木赤彦,馬鈴薯の花,1910,アララギ
船上其一,島木赤彦,馬鈴薯の花,1910,アララギ
靑海のもなかにゐつつ晝久し錦繪ならべ見居りけるかも,島木赤彦,馬鈴薯の花,1910,アララギ
天の原はるばる來つつ現かも海のいろ深く黑き山二つ,島木赤彦,馬鈴薯の花,1910,アララギ
みんなみに遠來しならん海づく日黑潮もはて山二つ見ゆ,島木赤彦,馬鈴薯の花,1910,アララギ
日のひかり照りみつる海の深蒼に一人ぼつつり眼をひらく,島木赤彦,馬鈴薯の花,1910,アララギ
晝深し禿げしボーイの卿動くデッキの上の空は靑しも,島木赤彦,馬鈴薯の花,1910,アララギ
全くに諦め得たる歡びの淚なかるる靑海の中に,島木赤彦,馬鈴薯の花,1910,アララギ
海の光いたも明るみ物をだに思はれなくも我がなれるかも,島木赤彦,馬鈴薯の花,1910,アララギ
天と水の光りの中に立ちてゐる我が影ばかり寂しきはなし,島木赤彦,馬鈴薯の花,1910,アララギ
夕映空まつ平らなる海のいろに我も染りて物をこそ思へ,島木赤彦,馬鈴薯の花,1910,アララギ
かぎろひの夕さりくれば栖に竝び雞のつがひも船の上にあはれ,島木赤彦,馬鈴薯の花,1910,アララギ
タ燒の空はあせぬれ深ぶかと波切うねりの片光りすも,島木赤彦,馬鈴薯の花,1910,アララギ
船上　其二,島木赤彦,馬鈴薯の花,1910,アララギ
ひそかにも止まれる船か霧小雨をぐろく尖る島山の下に,島木赤彦,馬鈴薯の花,1910,アララギ
ふかぶかと霧雨の中に刪笛のこだま響かふ山近みかも,島木赤彦,馬鈴薯の花,1910,アララギ
夜の錨下ろすとならし霧のなかに重き鎖の辷る響きはも,島木赤彦,馬鈴薯の花,1910,アララギ
荒磯岩家はもいづこ曉の雨を目透し我が見つるかも,島木赤彦,馬鈴薯の花,1910,アララギ
船上　其三,島木赤彦,馬鈴薯の花,1910,アララギ
島の山霧はれくれば海にゐる心寂しくならんとするも,島木赤彦,馬鈴薯の花,1910,アララギ
船上　其四,島木赤彦,馬鈴薯の花,1910,アララギ
艙口ゆ（より）小さき舟に下りにけり朝あけがたの霧の流れに,島木赤彦,馬鈴薯の花,1910,アララギ
まど下に小さき舟の來り居り霧のなかには見えにけるかも,島木赤彦,馬鈴薯の花,1910,アララギ
霧のなかの小さき舟にとび下りしうつそみの我が一人なりけり,島木赤彦,馬鈴薯の花,1910,アララギ
船口ゆ見ねばならねば降り落っる大粒の霧に顏を出したり,島木赤彦,馬鈴薯の花,1910,アララギ
霧雨にぬれたる肩を撫でにつつ小さき舟に一人立ちしも,島木赤彦,馬鈴薯の花,1910,アララギ
まことにも島に來つるか眼の前の山みな搖れて近づく我が船,島木赤彦,馬鈴薯の花,1910,アララギ
まさやかに曉の高岩かぐろ岩波どよもせり我が船近づく,島木赤彦,馬鈴薯の花,1910,アララギ
荒磯岩黑ぐろと霧はれにけり冬の芒の靑みたる見ゆ,島木赤彦,馬鈴薯の花,1910,アララギ
島の踊,島木赤彦,馬鈴薯の花,1910,アララギ
堂庭に踊る島子をかぞふれば七人だまり月の下びに,島木赤彦,馬鈴薯の花,1910,アララギ
踊り子のをどる後は椿の木かぐろみ光り月の下びに,島木赤彦,馬鈴薯の花,1910,アララギ
女一人唄うたふなる島踊りをどりひそまり月の下びに,島木赤彦,馬鈴薯の花,1910,アララギ
はるばるに波の遠音のひびきくる木のかげ深く月夜の踊り,島木赤彦,馬鈴薯の花,1910,アララギ
黑ぐろと夜を濡れ光る椿の木いたも更くるか月夜の踊り,島木赤彦,馬鈴薯の花,1910,アララギ
富士に似て海の中なる品の富士眼の前に黑く月夜の踊り,島木赤彦,馬鈴薯の花,1910,アララギ
月の下の光さびしみ踊り子のからだくるりとまはりけるかも,島木赤彦,馬鈴薯の花,1910,アララギ
大海のまん中にして島なるや流人踊りは悲しきろかも,島木赤彦,馬鈴薯の花,1910,アララギ
秋もはや今宵を踊りをさめなる後の月夜の更けにけるかも,島木赤彦,馬鈴薯の花,1910,アララギ
九,島木赤彦,馬鈴薯の花,1910,アララギ
胡類子の集,島木赤彦,馬鈴薯の花,1910,アララギ
荒磯べの芒の中に芒折り魚の鰓を貫きにけるかも,島木赤彦,馬鈴薯の花,1910,アララギ
うろくづの鰓にとほす冬芒未だも靑くとほしけるかも,島木赤彦,馬鈴薯の花,1910,アララギ
磯芒舌にあつれば鹹はゆしここにさびしく折りにけるかも,島木赤彦,馬鈴薯の花,1910,アララギ
みんなみの海にすむなる赤き魚しつぽりと提げ日は沈むかも,島木赤彦,馬鈴薯の花,1910,アララギ
夕づく日舟引き上ぐる漁師らの足みな傾ぎ遠岩の上に,島木赤彦,馬鈴薯の花,1910,アララギ
ーびきの赤き魚を吾が提げて芒の中の暮れ早みかも,島木赤彦,馬鈴薯の花,1910,アララギ
寒ざむと夕波さわぐ海づたひ海は見えずも芒の中に,島木赤彦,馬鈴薯の花,1910,アララギ
暮れぬれば芒の中に胡頽子の葉のほのぼの白し星の明りに,島木赤彦,馬鈴薯の花,1910,アララギ
ほのかなる草の靑みに夕星の夕ゐしづもる我がこころかも,島木赤彦,馬鈴薯の花,1910,アララギ
椿の木,島木赤彦,馬鈴薯の花,1910,アララギ
椿の蔭をんな音なく來りけり白き布團を乾しにけるかも,島木赤彦,馬鈴薯の花,1910,アララギ
はらはらと布團をすべる椿の花土にぞ止まる晝は深けれ,島木赤彦,馬鈴薯の花,1910,アララギ
眞白なる布團の上に只ひとつ椿の花のこぼれて久しき,島木赤彦,馬鈴薯の花,1910,アララギ
晝の音靜もりぬれば椿の花障子の外に零るる聞ゆ,島木赤彦,馬鈴薯の花,1910,アララギ
椿赤し島の童女が掌の上に卵をのせて賣る面わはも,島木赤彦,馬鈴薯の花,1910,アララギ
五,島木赤彦,馬鈴薯の花,1910,アララギ
いとどしく椿の花の明るみに面わ近づき來る童女はも,島木赤彦,馬鈴薯の花,1910,アララギ
冬の日は短けれども椿の下白き布團のふくらめるかも,島木赤彦,馬鈴薯の花,1910,アララギ
夜を寢れ布團の綿のふくらみに體うづまり物思ひもなし,島木赤彦,馬鈴薯の花,1910,アララギ
命あれば海のなかなる島の家ふとん暖かに寢らくものか,島木赤彦,馬鈴薯の花,1910,アララギ
島の芒,島木赤彦,馬鈴薯の花,1910,アララギ
船を出でし心現なし眞靑なる芒の中に入りにけるかも,島木赤彦,馬鈴薯の花,1910,アララギ
まさやかに朝の雨やみし芒のなか道さへ靑み踏みにけるかも,島木赤彦,馬鈴薯の花,1910,アララギ
いとどしく靑み靜もる芒のなか一人ぽつつり行きとどまらず,島木赤彦,馬鈴薯の花,1910,アララギ
芒の中いたも明るみ踏みて行く熔岩道の堅くもあるか,島木赤彦,馬鈴薯の花,1910,アララギ
いとどしく光のなかの靑芒露いつぱいに落ちも零れず,島木赤彦,馬鈴薯の花,1910,アララギ
靑々し芒のなかにーびきの牛を追ひ越しはろかなる道,島木赤彦,馬鈴薯の花,1910,アララギ
島芒い行き寂しむ身一人のうしろに大き海光り見ゆ,島木赤彦,馬鈴薯の花,1910,アララギ
芒の島あが乘りて來し一つ船煙を吐きて去るにかあるらし,島木赤彦,馬鈴薯の花,1910,アララギ
芒のなか步みとまれば綿津美の波の遠音のさやけく聞ゆ,島木赤彦,馬鈴薯の花,1910,アララギ
バナナ畑,島木赤彦,馬鈴薯の花,1910,アララギ
夕ぐるる磯の明りゆ步み入るバナナ畑の葉の茂りはも,島木赤彦,馬鈴薯の花,1910,アララギ
畑なかの土の一ところ夕日ありバナナの中に我れ深からし,島木赤彦,馬鈴薯の花,1910,アララギ
〇,島木赤彦,馬鈴薯の花,1910,アララギ
バナナの莖夕日に光り列びたり深ぶかとして葉かげは暗く,島木赤彦,馬鈴薯の花,1910,アララギ
いとどしく夕日に光るバナナの葉深み重なり未だは暮れず,島木赤彦,馬鈴薯の花,1910,アララギ
バナナの莖垂り葉大きくたまさかに暗きにひかる果の光りはも,島木赤彦,馬鈴薯の花,1910,アララギ
葉上にはバナナの房の黃の光りいよよ明るみいよよ暮るるも,島木赤彦,馬鈴薯の花,1910,アララギ
夕ぐるるバナナの中にーぽんのバナナを倒す音もこそすれ,島木赤彦,馬鈴薯の花,1910,アララギ
バナナ畑土やはらかに島少女足あと深く踏み行けるかも,島木赤彦,馬鈴薯の花,1910,アララギ
バナナの莖やはらかければ音もなし銘を打ちうち女なりけり,島木赤彦,馬鈴薯の花,1910,アララギ
島の子の長き垂り髮うち仰ぎ見らく幽けき果の光りはも,島木赤彦,馬鈴薯の花,1910,アララギ
いちじるきバナナの莖の切り口ゆ水は滴る土の暗みに,島木赤彦,馬鈴薯の花,1910,アララギ
島の子は寂しけれども夕日ぎし黃の果をふさに擔ぎけるかも,島木赤彦,馬鈴薯の花,1910,アララギ
ある時は,島木赤彦,馬鈴薯の花,1910,アララギ
,島木赤彦,馬鈴薯の花,1910,アララギ
,島木赤彦,馬鈴薯の花,1910,アララギ
バナナの皮剝きて投げたりさし出の磯岩黑きゆゑ波は靑きか,島木赤彦,馬鈴薯の花,1910,アララギ
日の光明らさまなる岩の上ゆ見入らざらめや波の靑みを,島木赤彦,馬鈴薯の花,1910,アララギ
高きより見下ろせば波の底も見ゆ大き岩沈み光り搖り見ゆ,島木赤彦,馬鈴薯の花,1910,アララギ
,島木赤彦,馬鈴薯の花,1910,アララギ
夕日の岩黑けれども薊の花咲くところにはかたまり咲くも,島木赤彦,馬鈴薯の花,1910,アララギ
薊咲く岩の上高み島の子の冷たき手をば引き上げしかも,島木赤彦,馬鈴薯の花,1910,アララギ
森林,島木赤彦,馬鈴薯の花,1910,アララギ
常磐木の林の中に家あらしある時な兒の泣き聲きこゆ,島木赤彦,馬鈴薯の花,1910,アララギ
椎林眞晝の空の明るみに烟ーすぢ立ちのぼり見ゆ,島木赤彦,馬鈴薯の花,1910,アララギ
五,島木赤彦,馬鈴薯の花,1910,アララギ
山の國（大正二年）,島木赤彦,馬鈴薯の花,1910,アララギ
諏訪湖,島木赤彦,馬鈴薯の花,1910,アララギ
夕燒空焦げきはまれる下にして氷らんとする湖の靜けさ,島木赤彦,馬鈴薯の花,1910,アララギ
冬空の天の夕燒にひたりたる褐色の湖は動かざりけり,島木赤彦,馬鈴薯の花,1910,アララギ
たあｋだかと繭の荷車を押す人の足の光りも氷らんとする,島木赤彦,馬鈴薯の花,1910,アララギ
押して行く繭の荷車に山の湖の夕照さむく片明りせり,島木赤彦,馬鈴薯の花,1910,アララギ
かわきたる草枯いろの山あひに湖は氷りて固まりにたり,島木赤彦,馬鈴薯の花,1910,アララギ
ニ五七,島木赤彦,馬鈴薯の花,1910,アララギ
この夕氷のいろに滲みたる空氣明りのいちじろく見ゆ,島木赤彦,馬鈴薯の花,1910,アララギ
おぼろおぼろ湖にくろめる山のいろも崩れんとする夜の寒さはや,島木赤彦,馬鈴薯の花,1910,アララギ
八ヶ岳,島木赤彦,馬鈴薯の花,1910,アララギ
野は今は白雲の群の片寄りに吹き寄せられし夕光りかな,島木赤彦,馬鈴薯の花,1910,アララギ
まばらなる冬木林にかんかんと響かんとする靑空のいろ,島木赤彦,馬鈴薯の花,1910,アララギ
野の中に暮るる一つ家いやましに凩のなかに靜もれるかも,島木赤彦,馬鈴薯の花,1910,アララギ
凩の吹きしづまれば瀨の鳴りのいづこともなし廣き野なかに,島木赤彦,馬鈴薯の花,1910,アララギ
冬山ゆ流れ出でたるひとすぢの川光り來も夕日の野べに,島木赤彦,馬鈴薯の花,1910,アララギ
かさかさと落葉林を通り拔けし夕明るさをたどき知られず,島木赤彦,馬鈴薯の花,1910,アララギ
あきらめねばならずと思ひ入りにつつ唾を冷たく嚥みこめるかも,島木赤彦,馬鈴薯の花,1910,アララギ
御牧ヶ原,島木赤彦,馬鈴薯の花,1910,アララギ
草深野丹にこもる莖のほのかたにさやらんとする身はあはれなり,島木赤彦,馬鈴薯の花,1910,アララギ
草むらの濃き紅に我が影の消えてまた來んいつの日かあらん,島木赤彦,馬鈴薯の花,1910,アララギ
人に告ぐる悲しみならず秋草に息を白じろと吐きにけるかも,島木赤彦,馬鈴薯の花,1910,アララギ
孤りなる死にをもすらんと喚きつつ錆び紅の草に胡坐をなせり,島木赤彦,馬鈴薯の花,1910,アララギ
草の藪はいや晝深く明るめれこの悲しみを守る心かな,島木赤彦,馬鈴薯の花,1910,アララギ
まがなしきこの心をも堪ふるか葉の紅の明るみの中に,島木赤彦,馬鈴薯の花,1910,アララギ
かへらんと今は嘆けれ靑空に煙草ふかして見やりけるかも,島木赤彦,馬鈴薯の花,1910,アララギ
犬蓼のくれなゐの莖はよわければ不便に思ひ踏みにけるかも,島木赤彦,馬鈴薯の花,1910,アララギ
いたましく天の火を吐く夜の山眼上にあふぐ驛は喑し,島木赤彦,馬鈴薯の花,1910,アララギ
遠どほに冬枯の道のぼり來て火の山の下の驛なりけり,島木赤彦,馬鈴薯の花,1910,アララギ
山の宿に酒のみしかば夜は深し心あやしくも笑はんとすも,島木赤彦,馬鈴薯の花,1910,アララギ
高木村,島木赤彦,馬鈴薯の花,1910,アララギ
褐色の草枯の上にいささかの草屋根いよよかわき光れり,島木赤彦,馬鈴薯の花,1910,アララギ
冬枯の山田の畦の幾段に夕日のかげる靜步みかも,島木赤彦,馬鈴薯の花,1910,アララギ
冬木の坂あからさまにし傾けば氷の湖ゆ照り返る明さ,島木赤彦,馬鈴薯の花,1910,アララギ
敷藁に滲み出でし泥は夕づく日未だ明けど氷りけるかも,島木赤彦,馬鈴薯の花,1910,アララギ
氷の湖ゆひた吹きあてるつのり風日を明かあかと搖る障子かな,島木赤彦,馬鈴薯の花,1910,アララギ
藁の上に竝べて下駄の乾してあり小さき赤緖も氷りたるかも,島木赤彦,馬鈴薯の花,1910,アララギ
雪の夜,島木赤彦,馬鈴薯の花,1910,アララギ
雪のふるひとつ草家に赤き灯がほうと點きぬる夕なりけり,島木赤彦,馬鈴薯の花,1910,アララギ
木のなかの赤き灯つつむぼろ雪いよよ靜に降りつもるかも,島木赤彦,馬鈴薯の花,1910,アララギ
乾ける空氣,島木赤彦,馬鈴薯の花,1910,アララギ
いとどしく暮れかわきたる空氣のなか芒は白く摧けんとすも,島木赤彦,馬鈴薯の花,1910,アララギ
夕まぐれわが顏のへに芒の穗いたも白める空氣のひびき,島木赤彦,馬鈴薯の花,1910,アララギ
夕寒き芒がなかに入りてゆくおのが姿の黝くもあるか,島木赤彦,馬鈴薯の花,1910,アララギ
夕明りあまり明けば冬木のなか泣く子をあやす思ひするかも,島木赤彦,馬鈴薯の花,1910,アララギ
はるばると空に向ひてすぼめたる眉に光引くひとつ星はも,島木赤彦,馬鈴薯の花,1910,アララギ
陸奧の女,島木赤彦,馬鈴薯の花,1910,アララギ
山驛の夜のひびきをしづめつつ笛鳴りにつつ遠去りにけり,島木赤彦,馬鈴薯の花,1910,アララギ
停車場に錢をかぞふる老人の手の灯明りに笛きこゆなり,島木赤彦,馬鈴薯の花,1910,アララギ
みちのくへ逃げてゆくとふ少女子と話なくなり笛きけるかも,島木赤彦,馬鈴薯の花,1910,アララギ
流らふ色,島木赤彦,馬鈴薯の花,1910,アララギ
靑草原洋傘のなか深ぶかと沈みにほへる面わなりけり,島木赤彦,馬鈴薯の花,1910,アララギ
日の明るき女の頰に靑草のにほへる色はかなしかりしか,島木赤彦,馬鈴薯の花,1910,アララギ
この靑む草の廣原のかなしみをしじめ集むる丹の頰なりけり,島木赤彦,馬鈴薯の花,1910,アララギ
うれひある目見をりをりにあげぬれば雲は眼ちかに靑草の原,島木赤彦,馬鈴薯の花,1910,アララギ
ゆゆしくも搖れ流らふ霧の流れ傘をかたむけ雨にならんとす,島木赤彦,馬鈴薯の花,1910,アララギ
二六三,島木赤彦,馬鈴薯の花,1910,アララギ
,島木赤彦,馬鈴薯の花,1910,アララギ
霧のなかに明るみ徹る肌のいろの心靜けさに堪へられぬかも,島木赤彦,馬鈴薯の花,1910,アララギ
病院,島木赤彦,馬鈴薯の花,1910,アララギ
二六四,島木赤彦,馬鈴薯の花,1910,アララギ
子の眼病に重大なる疑問を宣せられて直に東京に向ひぬ。夜ー夜,島木赤彦,馬鈴薯の花,1910,アララギ
汽車に搖られて七月二十四日曉飯田町に著けば直に車竝べて病院,島木赤彦,馬鈴薯の花,1910,アララギ
に伴ふ。疲れを休むるひまもなし。親心只恐れ急ぐに,島木赤彦,馬鈴薯の花,1910,アララギ
靜もれる車上の姿、みづからの病を知れる吾子が靜もり,島木赤彦,馬鈴薯の花,1910,アララギ
あか人力車動きてあるを覺ゆれど眼の前の子をこそ守れ,島木赤彦,馬鈴薯の花,1910,アララギ
ふと我にかへるわが身は暑ければ流るる汗を拭かんとすなり,島木赤彦,馬鈴薯の花,1910,アララギ
藥さす眼をおさへつつ眠るまでに疲れて遠く來らしめしか,島木赤彦,馬鈴薯の花,1910,アララギ
看護婦のみちびきのぼる梯子段淨く寂しく拭かれてありけり,島木赤彦,馬鈴薯の花,1910,アララギ
親心おろおろするも坐りゐて額の汗を拭きてやれども,島木赤彦,馬鈴薯の花,1910,アララギ
空瓶に煙草のほくそ拂ひたる心あやしく笑へざりけり,島木赤彦,馬鈴薯の花,1910,アララギ
とよもせる都會の中にたまさかに廓下を通る足音きこゆ,島木赤彦,馬鈴薯の花,1910,アララギ
廣らなる街の夕燒屋根ちかくいや燒けさかり寂しくもあるか,島木赤彦,馬鈴薯の花,1910,アララギ
親と子と寂しきときは蚊帳ぬちに枕竝べて寢て語り居り,島木赤彦,馬鈴薯の花,1910,アララギ
この父の顏見ゆるかとむごきこと問ふと思ひて問ひにけるかも,島木赤彦,馬鈴薯の花,1910,アララギ
父はけふ國にかへると聞きわけし幼き顏を見てやりにけり,島木赤彦,馬鈴薯の花,1910,アララギ
赤罌粟の花,島木赤彦,馬鈴薯の花,1910,アララギ
爼の魚いきいきと眼をあけり暮れ蒼みたる梅雨の厨に,島木赤彦,馬鈴薯の花,1910,アララギ
うつくしき血しほを指に染めにつつ生きものの命さきて我れ居り,島木赤彦,馬鈴薯の花,1910,アララギ
小さなる魚の命の斷たるればうつくしき血は流れながれぬ,島木赤彦,馬鈴薯の花,1910,アララギ
赤き血しほ地に垂れてあはれ炎々と燃えあがる靑き莖の上の花,島木赤彦,馬鈴薯の花,1910,アララギ
蒼やかに暮れただよへる土なれば花はこぼれて沈むがごとし,島木赤彦,馬鈴薯の花,1910,アララギ
夕ほろほろ赤罌粟の花はこぼるれば死なせし魚に念佛まうす,島木赤彦,馬鈴薯の花,1910,アララギ
わが眼の力あはれに疲るれば淚こぼるる器械の如くに,島木赤彦,馬鈴薯の花,1910,アララギ
さ蠅らと寄りあひて住める六畳の空氣にたまる夕日の赤さ,島木赤彦,馬鈴薯の花,1910,アララギ
わが家にこのごろ火をも焚かざれば一人物を書き夕ぐれにけり,島木赤彦,馬鈴薯の花,1910,アララギ
夕まぐれ音をひそめて歸り來し子どもは雨に濡れてをるかも,島木赤彦,馬鈴薯の花,1910,アララギ
夜おそく水を貰ひに行く道は桑の葉靑く灯を提ぐるなり,島木赤彦,馬鈴薯の花,1910,アララギ
薪くべて火をふくおのが脣に淚流るる拭けども拭けども,島木赤彦,馬鈴薯の花,1910,アララギ
靜やかに雲行きぬれば圓らなる靑桑の丘の動く思ひすも,島木赤彦,馬鈴薯の花,1910,アララギ
村會,島木赤彦,馬鈴薯の花,1910,アララギ
夜を深くいよよ默せる村會の庭は落葉の吹かるる音す,島木赤彦,馬鈴薯の花,1910,アララギ
何本目の蠟燭ならん霜の夜の蠟をとろとろ流しけるかも,島木赤彦,馬鈴薯の花,1910,アララギ
學校を建てねばならぬしんぱいの顏こそ竝べ蠟燭の明り,島木赤彦,馬鈴薯の花,1910,アララギ
冬山の萱ことごとく賣るといふ百姓の心あはれなりけり,島木赤彦,馬鈴薯の花,1910,アララギ
幾夜さの集ひのはてにおぼろなる百姓の眼のねむらんとする,島木赤彦,馬鈴薯の花,1910,アララギ
寒國の女學校ポプラーの冬木の窓はしんとして静めり女子らこもりて,島木赤彦,馬鈴薯の花,1910,アララギ
,島木赤彦,馬鈴薯の花,1910,アララギ
きよらかに拭はれにける板上に女の稚足の光り動きし,島木赤彦,馬鈴薯の花,1910,アララギ
丘の下市街の屋根は雪降れば晝ひそやかに歌ひ終りぬ,島木赤彦,馬鈴薯の花,1910,アララギ
丘の雪はだらに今は晴れたればはゆげにしつつ見る眼かな,島木赤彦,馬鈴薯の花,1910,アララギ
闇深く,島木赤彦,馬鈴薯の花,1910,アララギ
闇深く入りきはまれり今生に口外をせぬこの心かな,島木赤彦,馬鈴薯の花,1910,アララギ
眼のかぎり冷えつくしたる娑婆の道に人ぼろぼろと別れゆくかなし,島木赤彦,馬鈴薯の花,1910,アララギ
ほろほろと遠き曇りのうす明りうすろひにつつをはりなりけり,島木赤彦,馬鈴薯の花,1910,アララギ
ほのかなる曇りをゆくはおぼつかな我が足おもく崩ゆる思ひを,島木赤彦,馬鈴薯の花,1910,アララギ
,島木赤彦,馬鈴薯の花,1910,アララギ
國を出づる歌（大正三年）,島木赤彦,馬鈴薯の花,1910,アララギ
家を出づ,島木赤彦,馬鈴薯の花,1910,アララギ
妻も我も生きの心の疲れはてて朝けの床に眼ざめけるかも,島木赤彦,馬鈴薯の花,1910,アララギ
かうしつつ膝ならべつつゐる心曉のひかり時すぎんとす,島木赤彦,馬鈴薯の花,1910,アララギ
古家の土間のにほひにわが妻の顏を振りかへり出でにけるかも,島木赤彦,馬鈴薯の花,1910,アララギ
日の下に妻が立つとき咽喉長く家のくだかけは鳴きゐたりけり,島木赤彦,馬鈴薯の花,1910,アララギ
幼な子は病みのよわりを立ち出でて吾を見たるかな朝日のなかに,島木赤彦,馬鈴薯の花,1910,アララギ
三人の子だまりてあとにつき來る湖の朝あけは明るぐるしも,島木赤彦,馬鈴薯の花,1910,アララギ
幼な手に赤き錢ひとつやりたるはすべなかりける我が心かも,島木赤彦,馬鈴薯の花,1910,アララギ
この朝け道のくぼみに光りたる春べの霜を踏みて別れし,島木赤彦,馬鈴薯の花,1910,アララギ
灰の上に淚落してゐし面わとほどほに來て思ほゆらくに,島木赤彦,馬鈴薯の花,1910,アララギ
輕井澤に宿る。四月十一日といふに草木皆冬枯のさまなり,島木赤彦,馬鈴薯の花,1910,アララギ
雪のこる土のくぼみの一ところここを通りてなほ遠ゆくか,島木赤彦,馬鈴薯の花,1910,アララギ
今は世ははろかなるかなと雪どけの水たまりへにかへり見にけり,島木赤彦,馬鈴薯の花,1910,アララギ
雪とけて遠あらはなる地の平らさむく小さく日は沒らんとす,島木赤彦,馬鈴薯の花,1910,アララギ
國境とほのぼり來し野の上にほかり白きは辛夷の花か,島木赤彦,馬鈴薯の花,1910,アララギ
日くるれば冬木の條のほろほろに壊れんとするわが心はや,島木赤彦,馬鈴薯の花,1910,アララギ
家かげは霜凝る土のかたまりに嵐吹きつのり明るかりっも,島木赤彦,馬鈴薯の花,1910,アララギ
凩の宿に屛風を立てまはし灯を明くしていかにかはせん,島木赤彦,馬鈴薯の花,1910,アララギ
路地,島木赤彦,馬鈴薯の花,1910,アララギ
思ひかね路地を入り來れ雪どけの泥はおどろに明るかりつも,島木赤彦,馬鈴薯の花,1910,アララギ
十年,島木赤彦,馬鈴薯の花,1910,アララギ
宵ふくる土のけはひに櫻ふり其處に車を行かせけるかも,島木赤彦,馬鈴薯の花,1910,アララギ
ひそかなる幌のすきまは店の灯にちらちらと花のちりしく光,島木赤彦,馬鈴薯の花,1910,アララギ
かうなれる心は今は堪へられね車はすべる夜ぶかき土を,島木赤彦,馬鈴薯の花,1910,アララギ
更けぬれば窓の外のべの櫻の灯ほのかにさしてうき面わはや,島木赤彦,馬鈴薯の花,1910,アララギ
ぬば玉の夜は一時を過ぎたらん櫻の庭に拍子木ひびく,島木赤彦,馬鈴薯の花,1910,アララギ
十年の行くへ思へば南無大悲現し命を死なしむなゆめ,島木赤彦,馬鈴薯の花,1910,アララギ
お互によわきからだは十年のながき命を信ぜんとすも,島木赤彦,馬鈴薯の花,1910,アララギ
晝ふかき櫻ぐもりにするすると靑き羽織をぬぎし子らはも,島木赤彦,馬鈴薯の花,1910,アララギ
落葉松の萌黃の芽ぶきけぶりつつ日はたけなはとなりにけるかも,島木赤彦,馬鈴薯の花,1910,アララギ
口苦き煙草を折りてすてにける木の下の土に又も來めやも,島木赤彦,馬鈴薯の花,1910,アララギ
やうやうに起きあがり得し汝がからだ撓ぬのつかれを歸らしむるか,島木赤彦,馬鈴薯の花,1910,アララギ
街,島木赤彦,馬鈴薯の花,1910,アララギ
衢（大正三年）,島木赤彦,馬鈴薯の花,1910,アララギ
山,島木赤彦,馬鈴薯の花,1910,アララギ
櫻,島木赤彦,馬鈴薯の花,1910,アララギ
寂しさよ山ざくら散る晝にして五目ならべをすると告げ來し,島木赤彦,馬鈴薯の花,1910,アララギ
松の木に櫻流らひ小半日五目ならべをすると告げ來し,島木赤彦,馬鈴薯の花,1910,アララギ
書物さげて戾り來ればさくら散る山中のはがき屆きてゐたり,島木赤彦,馬鈴薯の花,1910,アララギ
峽底の春は寂しく殘るとふ櫻のかげに女なりけり,島木赤彦,馬鈴薯の花,1910,アララギ
白雲の山のおくがにはしけやし春の蠶飼ふと少女なりけり,島木赤彦,馬鈴薯の花,1910,アララギ
噴嚏,島木赤彦,馬鈴薯の花,1910,アララギ
梅雨眞晝鼻のそこひのむず痒し嚏をせんと口洞あくも,島木赤彦,馬鈴薯の花,1910,アララギ
くさめするわが顏の前は雨の零硝子の窓に流れつつをり,島木赤彦,馬鈴薯の花,1910,アララギ
せんすべを知らなき時は口あきてつぎの嚏を待つまん眞晝,島木赤彦,馬鈴薯の花,1910,アララギ
まんまひる梅雨に倦みたる心もて大きくさめをしたりけるかも,島木赤彦,馬鈴薯の花,1910,アララギ
五月雨にぬれ來し女ひそまりて見入らざらめや晝の鏡に,島木赤彦,馬鈴薯の花,1910,アララギ
硝子戸に雨流るれば庭の靑のおぼろに透きて眞晝なりけり,島木赤彦,馬鈴薯の花,1910,アララギ
雨だれの音いや深しあが口を鏡のなかに噤めてさびしも,島木赤彦,馬鈴薯の花,1910,アララギ
梅雨ふかき下宿となりぬわが顏を鏡の中に見つつわが居り,島木赤彦,馬鈴薯の花,1910,アララギ
先生の死畫像の軸をはづさんと思ふ五月雨の久しかりけり,島木赤彦,馬鈴薯の花,1910,アララギ
稻毛の海,島木赤彦,馬鈴薯の花,1910,アララギ
梅雨明り松の木の間の深うして雀のつるむ愛しかりけり,島木赤彦,馬鈴薯の花,1910,アララギ
五月雨は晴れんとすらし百姓の頭の上に雲は赤かり,島木赤彦,馬鈴薯の花,1910,アララギ
夕燒の空の下びにつかれたるわが口中は苦みを覺ゆ,島木赤彦,馬鈴薯の花,1910,アララギ
五月雨の雲高くあがる海に向きて丘は募れなびき遠赭のいろ,島木赤彦,馬鈴薯の花,1910,アララギ
かきくらし五月雨るる丘のひた落ちにげそりと落ちて黑き海かも,島木赤彦,馬鈴薯の花,1910,アララギ
おもおもしく濡めりみちたる靄のこもり波ほのぐらく或ひは光り,島木赤彦,馬鈴薯の花,1910,アララギ
靄のなか光り浮き來る屋根の上に梅雨の海の時明り見ゆ,島木赤彦,馬鈴薯の花,1910,アララギ
雨あがり搖るる靄の一ところ白舍帆しるく光りて動く,島木赤彦,馬鈴薯の花,1910,アララギ
歸省　其一,島木赤彦,馬鈴薯の花,1910,アララギ
ゆゆしくも神鳴らんとする空氣のいろ燕ちちと舞ひひそみたり,島木赤彦,馬鈴薯の花,1910,アララギ
日はたけなは黃にからびたる豆の葉にぴかりと搖るる遠稻光,島木赤彦,馬鈴薯の花,1910,アララギ
靑葉の窓あやに明るみ削り氷ゆ白き蒸氣たつ晝深みかも,島木赤彦,馬鈴薯の花,1910,アララギ
歸省其二,島木赤彦,馬鈴薯の花,1910,アララギ
起き出でて蚊帳ぬちの蚊を燒きにけり蠟燭の火を持つ夜は深し,島木赤彦,馬鈴薯の花,1910,アララギ
蚊をやくと夜をふかく持つ灯の下は腹もあらはに我が子のねむり,島木赤彦,馬鈴薯の花,1910,アララギ
子どもらの寢顏竝べり黃色の火をうごかして蚊の翅追ふも,島木赤彦,馬鈴薯の花,1910,アララギ
燈の下にそろばん持てる妻の顏こらへられねば寢なとこそいへ,島木赤彦,馬鈴薯の花,1910,アララギ
寢られねば水甕にゆきて飮みにけりあな冷たよと夜半にいひっる,島木赤彦,馬鈴薯の花,1910,アララギ
水甕の蓋誰れか忘れて灯の下にすなはち光る夜の水はや,島木赤彦,馬鈴薯の花,1910,アララギ
蚊のうなり水甕ふかく籠りたり柄杓を水に沈むるこころ,島木赤彦,馬鈴薯の花,1910,アララギ
親子とも生れこしものか夜の灯ふけこやり寢かへり汝が顏見るも,島木赤彦,馬鈴薯の花,1910,アララギ
歸省　其三,島木赤彦,馬鈴薯の花,1910,アララギ
桑の葉の茂りをわけて來りけり古井の底に水は光れり,島木赤彦,馬鈴薯の花,1910,アララギ
昔見て今もこもらふ齒朶の葉の暗がりふかく釣瓶を吊るも,島木赤彦,馬鈴薯の花,1910,アララギ
雲とほくまたも行きなん桑の葉のしげりにこもりこの水を飮む,島木赤彦,馬鈴薯の花,1910,アララギ
朝あけの桑の葉靑みかがやけり盥のなかに水を動かす,島木赤彦,馬鈴薯の花,1910,アララギ
あが側に子は立てりけり顏洗ふ間をだに父を珍らしがるか,島木赤彦,馬鈴薯の花,1910,アララギ
歸省　其四,島木赤彦,馬鈴薯の花,1910,アララギ
日焼け瓜いくつも下がり明るめり夕燒畠に我も明るき,島木赤彦,馬鈴薯の花,1910,アララギ
いとどしく夕燒畑のまんなかに熱き胡瓜を握りたるかも,島木赤彦,馬鈴薯の花,1910,アララギ
桑畑の桑價は立たず三右衞門泣くかはり唄をうたひけるかも,島木赤彦,馬鈴薯の花,1910,アララギ
歸省　其五,島木赤彦,馬鈴薯の花,1910,アララギ
芒の穗白き水噴くと見るまでに夕日に光り竝びたるかも,島木赤彦,馬鈴薯の花,1910,アララギ
紅の芒の穗並くもり日の靜かさふかく動く時かも,島木赤彦,馬鈴薯の花,1910,アララギ
朝づく日谿とほ埋む靑葉の群れひえびえと動き白みを覺ゆ,島木赤彦,馬鈴薯の花,1910,アララギ
野に焚く火,島木赤彦,馬鈴薯の花,1910,アララギ
火の上に投けかさねたる草くづれ烟黃ろく渦まき光る,島木赤彦,馬鈴薯の花,1910,アララギ
草深く燃えあがりたる火の炎黑ぐろとして噴きにけるかも,島木赤彦,馬鈴薯の花,1910,アララギ
黑ぐろと噴ける炎に夏深けの草は大きく搖れたりけり,島木赤彦,馬鈴薯の花,1910,アララギ
何草の燒くるにゃあらんあからひく日は明うして匂ひ滲み來も,島木赤彦,馬鈴薯の花,1910,アララギ
夏の草い分けおしわけ立ちのぼる炎の上に太陽が照る,島木赤彦,馬鈴薯の花,1910,アララギ
太陽ぞ炎の上に堪へにける炎の上に搖るる太陽,島木赤彦,馬鈴薯の花,1910,アララギ
何といふ今のこころぞ炎のそこの紅ゆすり目は側らされず,島木赤彦,馬鈴薯の花,1910,アララギ
炎はも物をやかねばあられねば白き花びらを眼の前にやく,島木赤彦,馬鈴薯の花,1910,アララギ
夏草の茂りを深くくぐりたる黃ろき烟立ちまよひ居り,島木赤彦,馬鈴薯の花,1910,アララギ
歌澤,島木赤彦,馬鈴薯の花,1910,アララギ
歌澤の唄は落ちゅく夜の靜み枕はづして寢る女が思ほゆ,島木赤彦,馬鈴薯の花,1910,アララギ
夜の燭いたも更くれば歌澤の絃は芒にならんとするも,島木赤彦,馬鈴薯の花,1910,アララギ
夕燒,島木赤彦,馬鈴薯の花,1910,アララギ
稻のなかにふかぶかと立つ百姓の顏に照りかへり夕やけの空,島木赤彦,馬鈴薯の花,1910,アララギ
夕燒くる雲もあらねば高天の奧所明るく黃に澄めるかも,島木赤彦,馬鈴薯の花,1910,アララギ
夕燒の靑草ふかく真鍮の烟管を石にはたきけるかも,島木赤彦,馬鈴薯の花,1910,アララギ
伏しなびくみたれ靑葦白き帆を一ぱいに張り夕燒の水,島木赤彦,馬鈴薯の花,1910,アララギ
夕やけの光の街は瓦斯の灯の靑くあやしく瀟ちゅかんとす,島木赤彦,馬鈴薯の花,1910,アララギ
炭團,島木赤彦,馬鈴薯の花,1910,アララギ
野分の葉散亂し日は射しにけり女ひそまりて炭團をまろむ,島木赤彦,馬鈴薯の花,1910,アララギ
野分すぎ裸のをんな赤あかと腰に布せり炭團を持ちて,島木赤彦,馬鈴薯の花,1910,アララギ
葉が散れば葉の上にたどん丸めけり嵐やみて女ひとり來りし,島木赤彦,馬鈴薯の花,1910,アララギ
女手に炭團まろむる畫久し散りたまりたり鳳仙花のはな,島木赤彦,馬鈴薯の花,1910,アララギ
鳳仙花くれなゐ零れこぼるれど炭團まるめて餘念なし女,島木赤彦,馬鈴薯の花,1910,アララギ
羇鳥,島木赤彦,馬鈴薯の花,1910,アララギ
衢風はや秋ならしぬば玉の夜の目にしるく雲流れ見ゆ,島木赤彦,馬鈴薯の花,1910,アララギ
行く雲はささやかなれど切れぎれに都の夜を流れ居る見ゆ,島木赤彦,馬鈴薯の花,1910,アララギ
小石川富坂上の木ぬれにはここだも通る夜の雲かも,島木赤彦,馬鈴薯の花,1910,アララギ
一人して茶をのみ馴るるおのが身を寂しくぞ思ふ夕すわりゐて,島木赤彦,馬鈴薯の花,1910,アララギ
小夜ふけて聞ゆるものは遠街の電車もやみて雨ふるけはひ,島木赤彦,馬鈴薯の花,1910,アララギ
硝子窓に夜の雨流れゐたりけり寢んと思ひつつ寂しくもあるか,島木赤彦,馬鈴薯の花,1910,アララギ
歌,島木赤彦,馬鈴薯の花,1910,アララギ
集,島木赤彦,馬鈴薯の花,1910,アララギ
氷,島木赤彦,馬鈴薯の花,1910,アララギ
魚,島木赤彦,馬鈴薯の花,1910,アララギ
大正四年,島木赤彦,馬鈴薯の花,1910,アララギ
山國の春,島木赤彦,馬鈴薯の花,1910,アララギ
春雨のなかより見れば葦原の奧つ山にはみ雪降りたり,島木赤彦,馬鈴薯の花,1910,アララギ
山なかに下駄はきかへぬ萱草のここだ芽をふく日向に疲れて,島木赤彦,馬鈴薯の花,1910,アララギ
枯芝原よべ降りし雪のとけしかば辛夷の花は零してあり,島木赤彦,馬鈴薯の花,1910,アララギ
道の手に村は見ゆれど家の子は春山樵りに行きにつらむか,島木赤彦,馬鈴薯の花,1910,アララギ
舊道ののぼりくだりを行きしかば雉子鳴くもよ草山の上に,島木赤彦,馬鈴薯の花,1910,アララギ
たまさかに妻と言語り時惜しみ春の夜なかの雞なく聞ゆ,島木赤彦,馬鈴薯の花,1910,アララギ
春の爐の灰のふくらみに火はこもり我は眠るもよ草いへのうちに,島木赤彦,馬鈴薯の花,1910,アララギ
白じろとかむる手拭春の日を眉深によきて柴伐る稚子ら,島木赤彦,馬鈴薯の花,1910,アララギ
大正五年改訂,島木赤彦,馬鈴薯の花,1910,アララギ
貰はるる仔犬,島木赤彦,馬鈴薯の花,1910,アララギ
ひつそりと白壁のまへを人行けり赤く圓まれる仔犬を抱きて,島木赤彦,馬鈴薯の花,1910,アララギ
職人の懷のなかに眼をあきて貰はれてゆく仔犬は知らず,島木赤彦,馬鈴薯の花,1910,アララギ
職人のふところの中ゆ眼あき職人の顏を仔犬は知らず,島木赤彦,馬鈴薯の花,1910,アララギ
街の橋渡りて街に入りにけり遠く來れる仔犬は知らず,島木赤彦,馬鈴薯の花,1910,アララギ
生けるもの我が子愛しみ別るればその親犬も仔犬も知らず,島木赤彦,馬鈴薯の花,1910,アララギ
犬の子に懼るる心さらになし懷のなかに眼をあきあはれ,島木赤彦,馬鈴薯の花,1910,アララギ
朗らかなる眼をあきて仔犬は見る光りのほかに見るものはなし,島木赤彦,馬鈴薯の花,1910,アララギ
山中,島木赤彦,馬鈴薯の花,1910,アララギ
白樺の木のあひの雪のいたく消えて春の雨やむ朝の寒さ,島木赤彦,馬鈴薯の花,1910,アララギ
小石川植物園,島木赤彦,馬鈴薯の花,1910,アララギ
古池に藻の草ふかく沈みたり寒けくもあるか白梅の花,島木赤彦,馬鈴薯の花,1910,アララギ
池の面ゆ照りかへる光ゆらゆらに搖れもこそすれ梅の古木に,島木赤彦,馬鈴薯の花,1910,アララギ
池水より明るき光り照りかへり時ふりにけり梅の古木に,島木赤彦,馬鈴薯の花,1910,アララギ
白梅の花明るくて古池に搖るる光りのけはひこそすれ,島木赤彦,馬鈴薯の花,1910,アララギ
冬靑の木の下ベに泳ぎゆく家鴨白く輝くばかりなるかも,島木赤彦,馬鈴薯の花,1910,アララギ
白梅の木のもとにゐて落ちつけるおのが心の弱りをおぼゆ,島木赤彦,馬鈴薯の花,1910,アララギ
梅林まだ寒くしてこの眞晝わが吐く息のしろじろと見ゆ,島木赤彦,馬鈴薯の花,1910,アララギ
石の上に腰をかけつついく晚も眠り足らざる眼は疲れ居り,島木赤彦,馬鈴薯の花,1910,アララギ
妻と子　ー,島木赤彦,馬鈴薯の花,1910,アララギ
はるばるに歸り來りて戸を叩き梅雨の草家の眠りは深し,島木赤彦,馬鈴薯の花,1910,アララギ
闇のなかの雨の音澄み降りしきり草家ぬちのけはひは聞ゆ,島木赤彦,馬鈴薯の花,1910,アララギ
闇のなかに厚き大戸を叩きけり何故に心怯るるならむ,島木赤彦,馬鈴薯の花,1910,アララギ
くらやみの室のなかよりマッチ擦り顏は見えつも我が妻の顏,島木赤彦,馬鈴薯の花,1910,アララギ
面やつれいたくも妻のせしものかぬば玉の夜の衣をきかへて,島木赤彦,馬鈴薯の花,1910,アララギ
草家にしみじみ妻と坐りけり桑のはたけに雨ふる音す,島木赤彦,馬鈴薯の花,1910,アララギ
ははそはの母が手枕きて眠りたる我が子の顏を見たり夜半に,島木赤彦,馬鈴薯の花,1910,アララギ
夜おそくわが手を洗ふ緣のうへに匂ひれるは胡桃の花か,島木赤彦,馬鈴薯の花,1910,アララギ
其,島木赤彦,馬鈴薯の花,1910,アララギ
二,島木赤彦,馬鈴薯の花,1910,アララギ
,島木赤彦,馬鈴薯の花,1910,アララギ
汽車のなかに眠りて來り驚きて眼をあきて見る山のうへの雪,島木赤彦,馬鈴薯の花,1910,アララギ
靑空の遠くに著き山ひとつ雪をいただき輝きてあり,島木赤彦,馬鈴薯の花,1910,アララギ
靑空に八ヶ嶽とぞ知られける雪をいただきて遙かに照れり,島木赤彦,馬鈴薯の花,1910,アララギ
遠空の山根に白く雲たまり著しもよ梅雨あがりの雲,島木赤彦,馬鈴薯の花,1910,アララギ
故鄕に夜おそく入り梅雨がふる夜汽車の窓に流れつつ降る,島木赤彦,馬鈴薯の花,1910,アララギ
其,島木赤彦,馬鈴薯の花,1910,アララギ
三,島木赤彦,馬鈴薯の花,1910,アララギ
汽車のなかに來つる夏野の靑羽蟲爪もて弾き飛ばしつるかも,島木赤彦,馬鈴薯の花,1910,アララギ
富士見原低木はんの木理るるばかり五月雨の草の茂りあひたり,島木赤彦,馬鈴薯の花,1910,アララギ
見入らるる草と草との深き蔭晝のひかりのふけたるならむ,島木赤彦,馬鈴薯の花,1910,アララギ
丘の上に白き馬ひく人見えず白き馬行く夏草の中を,島木赤彦,馬鈴薯の花,1910,アララギ
眼につきて赭き土見ゆ村びとのはたけを墾く山裾の原,島木赤彦,馬鈴薯の花,1910,アララギ
其,島木赤彦,馬鈴薯の花,1910,アララギ
四,島木赤彦,馬鈴薯の花,1910,アララギ
日の闌けて若葉明るき林よりゆるぎ出でたり雉子たつ音,島木赤彦,馬鈴薯の花,1910,アララギ
わが稚子若葉のなかの流れ水跳びこえ走り行きにけるかも,島木赤彦,馬鈴薯の花,1910,アララギ
おくれたる我をふりかへり立ちとまれり林のなかに入りゆく稚子,島木赤彦,馬鈴薯の花,1910,アララギ
藪のなか露にぬれたる掌をひらき木瓜の靑果を見せたり我子は,島木赤彦,馬鈴薯の花,1910,アララギ
雨やみし露のしづくの草明りすかんぽの穗の長く伸びたり,島木赤彦,馬鈴薯の花,1910,アララギ
左千夫先生三周忌,島木赤彦,馬鈴薯の花,1910,アララギ
來て見ればおくつきのへの隱り水あさざの花は過ぎしにやあらむ,島木赤彦,馬鈴薯の花,1910,アララギ
たまさかに吾がまゐりこしおくつきの松葉牡丹の花さかりなり,島木赤彦,馬鈴薯の花,1910,アララギ
妻と子　五,島木赤彦,馬鈴薯の花,1910,アララギ
長雨のあがりとなりぬ靑桑原風吹きて桑の動きゐる見ゆ,島木赤彦,馬鈴薯の花,1910,アララギ
靑桑原流らふ霧のひかり散りあか根刺す日のさしのぼる見ゆ,島木赤彦,馬鈴薯の花,1910,アララギ
古井戸に覆ひかぶさる桑のかげに顏を洗ひぬ我が子とふたり,島木赤彦,馬鈴薯の花,1910,アララギ
古井戸の盥の水に手を浸し冷めたくなる手を見て居たりけり,島木赤彦,馬鈴薯の花,1910,アララギ
父と子と顏あらひ立つ桑のかげ別るることは思ふに堪へず,島木赤彦,馬鈴薯の花,1910,アララギ
顏あらふ子は知らず居りひつそりと井戸をめぐりて蟲ぞ嗚くなる,島木赤彦,馬鈴薯の花,1910,アララギ
落葉松のやはらか垂り葉この朝の光りの中に動きて白し,島木赤彦,馬鈴薯の花,1910,アララギ
子をつれて來り拜めりわが家に猫をまつりし屋敷の小祠,島木赤彦,馬鈴薯の花,1910,アララギ
御卽位式奉祝歌,島木赤彦,馬鈴薯の花,1910,アララギ
窓くらし亞鉛の塀の下にして天皇をことほぐ馬吉と我と,島木赤彦,馬鈴薯の花,1910,アララギ
この朝け水道のみづを汲みたらはし體を拭ひことほぎまつる,島木赤彦,馬鈴薯の花,1910,アララギ
ひむがしの大海のうへに朝日のぼり光いちじるき皇高御座,島木赤彦,馬鈴薯の花,1910,アララギ
海原の靑雲垣をめぐらして大きく廣くいましたまへり,島木赤彦,馬鈴薯の花,1910,アララギ
かりそめの下宿に馴れぬーつきの酒を飮みつつ樂しめり我は,島木赤彦,馬鈴薯の花,1910,アララギ
朝顏の花,島木赤彦,馬鈴薯の花,1910,アララギ
しらしらに障子白みて牛乳の車の音す疲れし頭に,島木赤彦,馬鈴薯の花,1910,アララギ
しらしらと夏の夜明けの肌寒し懷手して寢むとは思はず,島木赤彦,馬鈴薯の花,1910,アララギ
人間の我の願ひはいと脆し夜は明けはなる朝顏の花に,島木赤彦,馬鈴薯の花,1910,アララギ
朝顏の花に向ひて不覺なる淚と思へど疲れて流るる,島木赤彦,馬鈴薯の花,1910,アララギ
咲き盛る朝顏の露にさはりたりほとほと夜は明けむとするも,島木赤彦,馬鈴薯の花,1910,アララギ
電燈に照らされてめる朝顏の紺いろの花曉近づけり,島木赤彦,馬鈴薯の花,1910,アララギ
朝顏は夜あけてひさし下宿なれば起きてゐる人と未だ寝てゐる人,島木赤彦,馬鈴薯の花,1910,アララギ
朝顏の紺いろの花いくつも咲き曉の空澄みとほりたり,島木赤彦,馬鈴薯の花,1910,アララギ
蓮の花,島木赤彦,馬鈴薯の花,1910,アララギ
曇天の池一ぱいに運の葉立ち搖れもこそせね紅のはちす,島木赤彦,馬鈴薯の花,1910,アララギ
ぽつかりと朝の曇りに花をひらく紅運華こそ大きかりけれ,島木赤彦,馬鈴薯の花,1910,アララギ
蓮葉の廣葉のかげのこもり水光るともなし朝の曇りに,島木赤彦,馬鈴薯の花,1910,アララギ
咲き滿てる運の花の曇り久し上野山より鐘鳴り響く,島木赤彦,馬鈴薯の花,1910,アララギ
おのづから曇りのなかに明るめる運の花に鐘鳴りひびく,島木赤彦,馬鈴薯の花,1910,アララギ
ひろがらぬ蓮の浮葉の下にして靑く濁れる水は深けれ,島木赤彦,馬鈴薯の花,1910,アララギ
水をぬく大き圓莖直に立てり傾かむとする紅の蓮華,島木赤彦,馬鈴薯の花,1910,アララギ
曇り深し蓮の荅のいただきに臀低くゐるおしろい蜻蛉,島木赤彦,馬鈴薯の花,1910,アララギ
蓮葉の池の向うに人の往來ぞろぞろと曇り今日も暑からむ,島木赤彦,馬鈴薯の花,1910,アララギ
はすの花ひらきそろひて寂しけれ羽をすほめ來る一羽の燕,島木赤彦,馬鈴薯の花,1910,アララギ
蓮の花切りてくれたる女ゆゑ日ぐれて我れは酒に醉ひたり,島木赤彦,馬鈴薯の花,1910,アララギ
緣日,島木赤彦,馬鈴薯の花,1910,アララギ
傳通院大山門を鎖したり秋の緣日の灯の群れのまへに,島木赤彦,馬鈴薯の花,1910,アララギ
ふり仰ぎ秋の月見れば緣日の灯のうへの空の雲は早しも,島木赤彦,馬鈴薯の花,1910,アララギ
赤あかと月は虧けたり緣日の灯のなかにして尺八聞ゆ,島木赤彦,馬鈴薯の花,1910,アララギ
瀬戸物賣手をたたき値を頻りに負く月は明くてあはれに聞ゆ,島木赤彦,馬鈴薯の花,1910,アララギ
灯のむれに大群集の動きゆき北の星低し山門のうへに,島木赤彦,馬鈴薯の花,1910,アララギ
久方の月の夜にして緣日の灯のいろうつる雲は低しも,島木赤彦,馬鈴薯の花,1910,アララギ
山門の大扉の下に立つ我の息こそ見ゆれ更くる月夜に,島木赤彦,馬鈴薯の花,1910,アララギ
山門ゆ眞通りなる高臺の家並の月夜明らかにあり,島木赤彦,馬鈴薯の花,1910,アララギ
渡鳥,島木赤彦,馬鈴薯の花,1910,アララギ
山の湖に竝べる村の一と所どうづきの音ひる更けて聞ゆ,島木赤彦,馬鈴薯の花,1910,アララギ
晝すぎまでどうづきの音聞え居り妻も子どもも秋の田にいでて,島木赤彦,馬鈴薯の花,1910,アララギ
〇,島木赤彦,馬鈴薯の花,1910,アララギ
遠き村にどうづきすらし山なかの湖の空氣に澄みてしきこゆ,島木赤彦,馬鈴薯の花,1910,アララギ
地形の音手に取るごとく聞ゆなり湖水の船に一人し居れば,島木赤彦,馬鈴薯の花,1910,アララギ
幾たびか空に鳥群れて渡りけむ地形の音の日ねもすひびき,島木赤彦,馬鈴薯の花,1910,アララギ
山深き湖水の空の渡り鳥群れて渡れど音こそなけれ,島木赤彦,馬鈴薯の花,1910,アララギ
渡り鳥とほ行く空は雪しろき山立ち竝び重なりあへり,島木赤彦,馬鈴薯の花,1910,アララギ
丘の上ゆ見れば小さき秋の湖國も小さし湖照りて滿っ,島木赤彦,馬鈴薯の花,1910,アララギ
障子には湖水の夕日照りかへり甚た寒く明るくなりぬ,島木赤彦,馬鈴薯の花,1910,アララギ
山の湖寂しきときは船一つ烟をあげて行くもさびしき,島木赤彦,馬鈴薯の花,1910,アララギ
山の國にかへり來りて心親し燒味噌をやく燒味噌のにほひ,島木赤彦,馬鈴薯の花,1910,アララギ
屋根のうへに赤き柹の果鴉來て啄はぬは山の木の實多けむ,島木赤彦,馬鈴薯の花,1910,アララギ
霜ふかき朝の日光に染まりたる紅の湖しづまりかへる,島木赤彦,馬鈴薯の花,1910,アララギ
四,島木赤彦,馬鈴薯の花,1910,アララギ
栗,島木赤彦,馬鈴薯の花,1910,アララギ
谿の村にひびきて栗をおとす聲子どもの聲の滿つ心地すれ,島木赤彦,馬鈴薯の花,1910,アララギ
谿の橋をりをり馬行き見ゆれども栗落すほかの物音もなし,島木赤彦,馬鈴薯の花,1910,アララギ
よく聽けば四五人栗をおとす聲谿のはざまにひびきてきこゆ,島木赤彦,馬鈴薯の花,1910,アララギ
"この谿の紅葉のなかに^,られて動く栗の木の見えにけるかも",島木赤彦,馬鈴薯の花,1910,アララギ
この村に光り傾く紅葉の坂一途に人の馬を曳きのぼる,島木赤彦,馬鈴薯の花,1910,アララギ
〇,島木赤彦,馬鈴薯の花,1910,アララギ
瀬をなして水は流るれ然れども白き家鴨の動かす水見ゆ,島木赤彦,馬鈴薯の花,1910,アララギ
桐の木に大らかにして伸びし枝雀竝びてふくらむ朝日に,島木赤彦,馬鈴薯の花,1910,アララギ
露佛,島木赤彦,馬鈴薯の花,1910,アララギ
信濃の農夫、暁の霧に山深く入り、草刈鎌研ぎすまし居るままに、霧のうち自ら,島木赤彦,馬鈴薯の花,1910,アララギ
明るみ來りて光明佛まことに眼前に現れ給ヘりとぞいふなる。一人はー體,島木赤彦,馬鈴薯の花,1910,アララギ
を拜み、一人は年を隔て三體を拜みたりと我に語る。信濃の山域人素樸にし,島木赤彦,馬鈴薯の花,1910,アララギ
て往々この種の異靈を傅ふ。事農夫の口より出でて甚だ尊し。卽ち詠ず,島木赤彦,馬鈴薯の花,1910,アララギ
日の光明るむ山の霧のなかに佛見たりといふ物語,島木赤彦,馬鈴薯の花,1910,アララギ
霧のなかに草刈鎌をうち落し驚ける眼のまへにゐる佛,島木赤彦,馬鈴薯の花,1910,アララギ
霧のなかにびったり跪たる百姓の頭のうへのまことの佛,島木赤彦,馬鈴薯の花,1910,アララギ
山なかの霧にあらはれし露佛眼にこそ見っれ得やは語らむ,島木赤彦,馬鈴薯の花,1910,アララギ
霧ふかくこもる靑葉の雫落ちま近かりける三尊の佛,島木赤彦,馬鈴薯の花,1910,アララギ
あなをかし佛の姿眼には見て耳は聞えずなりたる農夫,島木赤彦,馬鈴薯の花,1910,アララギ
霧のなかに佛見しとは虛言と言ふ百姓の眼も驚く,島木赤彦,馬鈴薯の花,1910,アララギ
信濃なる高木の村の丘の上佛見しとふ草の跡どころ,島木赤彦,馬鈴薯の花,1910,アララギ
故さとの高木の丘に草茂り佛見しとふ人老いてあり,島木赤彦,馬鈴薯の花,1910,アララギ
子ども,島木赤彦,馬鈴薯の花,1910,アララギ
明かあかと雪隱の屋根に南瓜咲き中に子どもの唄のこゑおこる,島木赤彦,馬鈴薯の花,1910,アララギ
雪隱に豈はからむやわが子ども乃木大將の唄うたひ居り,島木赤彦,馬鈴薯の花,1910,アララギ
み佛は妄言すなとまうせども便所にうたふ子は疑はず,島木赤彦,馬鈴薯の花,1910,アララギ
便をなして心靜かになりたらむ屈託もなき子の唄聞ゆ,島木赤彦,馬鈴薯の花,1910,アララギ
雪隱を出で來りたる子どもの眼朗らかに南瓜の黄の花の盛り,島木赤彦,馬鈴薯の花,1910,アララギ
吹雪•,島木赤彦,馬鈴薯の花,1910,アララギ
冬の晝はいくらもあらね久方の空の雪あれて松山曇る,島木赤彦,馬鈴薯の花,1910,アララギ
たちまちに吹雪の風の通りすぎて深山の人ら冬木を倒す,島木赤彦,馬鈴薯の花,1910,アララギ
山の窪に伐り倒されし杉の木にすなはち騷ぐーむれの吹雪,島木赤彦,馬鈴薯の花,1910,アララギ
山の窪の材木のうへに立つ人を我が子と知りて遠く呼ぶ樵夫,島木赤彦,馬鈴薯の花,1910,アララギ
山深くして霜燒けしたる杉の葉に烟はかかる我が汽車のけむり,島木赤彦,馬鈴薯の花,1910,アララギ
汽車の窓にひとり倚りゐるわが襟に落ちつつ來もよ細かなる雪,島木赤彦,馬鈴薯の花,1910,アララギ
〇,島木赤彦,馬鈴薯の花,1910,アララギ
たまさかに歸れる父のかたはらを寂しと思ふか子どもは眠る,島木赤彦,馬鈴薯の花,1910,アララギ
眠りたる女の童子の眉の毛をさすりて父は歎きこそすれ,島木赤彦,馬鈴薯の花,1910,アララギ
ちちのみの父歸れども寂しきか子はものを言ふ父の膝に來て,島木赤彦,馬鈴薯の花,1910,アララギ
かへり來て家にいくらも居らぬゆゑに眠れる子らの顏を見て居り,島木赤彦,馬鈴薯の花,1910,アララギ
獨坐,島木赤彦,馬鈴薯の花,1910,アララギ
朝の茶の茶碗を膝におきにけり待ちくたびれて音信は待たず,島木赤彦,馬鈴薯の花,1910,アララギ
夜の街更けて嵐のきこゆなり來ぬときまりしたよりは待たず,島木赤彦,馬鈴薯の花,1910,アララギ
わが友の茂吉も來なく十日經たり火鉢に向きて火を吹く夜なかに,島木赤彦,馬鈴薯の花,1910,アララギ
火の番の柝を擊ちて過ぐる音よりも遠き工場の鎚止みてあり,島木赤彦,馬鈴薯の花,1910,アララギ
十二月二十六日茂吉•重と共にアララギを校正す,島木赤彦,馬鈴薯の花,1910,アララギ
工場の音はたと止み夜は寒し三人だまり筆を動かす,島木赤彦,馬鈴薯の花,1910,アララギ
あなぐら,島木赤彦,馬鈴薯の花,1910,アララギ
松山の松のうへなる雪の山驛を出でて道は寂しき,島木赤彦,馬鈴薯の花,1910,アララギ
蘆のなかの水にわたせる橋ーぽんいづこを見ても我れ一人渡る,島木赤彦,馬鈴薯の花,1910,アララギ
ささやかなる湖をめぐりて日あたれる芝山の道いく筋も見ゆ,島木赤彦,馬鈴薯の花,1910,アララギ
山驛の家のあひだに人こもる土窖のあり我はひた行く,島木赤彦,馬鈴薯の花,1910,アララギ
かぎろひの夕べ日あたる土窖の障子に我の影は通るに,島木赤彦,馬鈴薯の花,1910,アララギ
ちちのみの父にいそぐと山驛のあなぐらの前を通りわが居り,島木赤彦,馬鈴薯の花,1910,アララギ
背後より夕日の照らす驛道の泥明かあかと氷りゆく見ゆ,島木赤彦,馬鈴薯の花,1910,アララギ
大正六年改訂,島木赤彦,馬鈴薯の花,1910,アララギ
同じ時,島木赤彦,馬鈴薯の花,1910,アララギ
寒き國に父はいませり步みゆく山かひの霜ひと日とけざる,島木赤彦,馬鈴薯の花,1910,アララギ
冬木の枝のわかれの猶見ゆる夕空を仰ぎ步みを叙がす,島木赤彦,馬鈴薯の花,1910,アララギ
大正五年改訂,島木赤彦,馬鈴薯の花,1910,アララギ
水の音ここださわげり眞夜なかの橋を低しと思ひてわたる,島木赤彦,馬鈴薯の花,1910,アララギ
三二,島木赤彦,馬鈴薯の花,1910,アララギ
,島木赤彦,馬鈴薯の花,1910,アララギ
大正五年,島木赤彦,馬鈴薯の花,1910,アララギ
新年,島木赤彦,馬鈴薯の花,1910,アララギ
町の家松の内なる四五人に眺められてゐる女の踊り,島木赤彦,馬鈴薯の花,1910,アララギ
夜の室に踊りををどる外は雪しんしんと降り枝づるる音す,島木赤彦,馬鈴薯の花,1910,アララギ
扇の手止めて雪ふる音すなり外の而の夜は更けたるならむ,島木赤彦,馬鈴薯の花,1910,アララギ
ふるさとの山の町なる夜の雪醉ひて眠りぬ昔の人と,島木赤彦,馬鈴薯の花,1910,アララギ
山深き信濃の町につもる雪夜ぶかく醉ひて歸るすべなし,島木赤彦,馬鈴薯の花,1910,アララギ
三一ニ,島木赤彦,馬鈴薯の花,1910,アララギ
校正のかへり,島木赤彦,馬鈴薯の花,1910,アララギ
赤電車われを追ひ越し見えずなれり夜寒の坂をのぼり行くひとり,島木赤彦,馬鈴薯の花,1910,アララギ
富坂の冬木のうへの星月夜いたく更けたり我のかへりは,島木赤彦,馬鈴薯の花,1910,アララギ
長塚節一周忌茂吉宅,島木赤彦,馬鈴薯の花,1910,アララギ
足曳の山の白雲草鞋はきて一人い行きし人は歸らず,島木赤彦,馬鈴薯の花,1910,アララギ
白雲の出雲の寺の鐘ひとつ戀ひて行きけむ霜の山路を,島木赤彦,馬鈴薯の花,1910,アララギ
窓外春雪,島木赤彦,馬鈴薯の花,1910,アララギ
•,島木赤彦,馬鈴薯の花,1910,アララギ
春の夜の雪の觸らふ音すなり松はかすかに立つにしあらむ,島木赤彦,馬鈴薯の花,1910,アララギ
まさびしく思ひぞ至るーぽんの松のかぶれる雪深からむ,島木赤彦,馬鈴薯の花,1910,アララギ
しんしんと雪ふりつもる眞夜半どき耳冴えて雪の降る音きこゆ,島木赤彦,馬鈴薯の花,1910,アララギ
わが前の電燈の笠に羽靑き蟲舞ひて居り雪の夜ふけて,島木赤彦,馬鈴薯の花,1910,アララギ
曉近く砲工廠の音やみぬ疲れてわれは烟草を吸ふも,島木赤彦,馬鈴薯の花,1910,アララギ
親雀,島木赤彦,馬鈴薯の花,1910,アララギ
檐の端に巢をとられたる親雀巢を去りかねて二日鳴きしも,島木赤彦,馬鈴薯の花,1910,アララギ
親すずめ子をあきらめて去りしより禽といへども幾日經ぬらむ,島木赤彦,馬鈴薯の花,1910,アララギ
あかつき,島木赤彦,馬鈴薯の花,1910,アララギ
曉がた枕をしたるものゆゑに我の頭は疲れて眠る,島木赤彦,馬鈴薯の花,1910,アララギ
雀鳴く磐こそすなれ束のあひだ眠らむとする耳にしきこゆ,島木赤彦,馬鈴薯の花,1910,アララギ
曉の心はよわくなるなれど枕をすれば安らかに眠る,島木赤彦,馬鈴薯の花,1910,アララギ
あきらめてゐるものゆゑに曉の時のま吾れの心よわるも,島木赤彦,馬鈴薯の花,1910,アララギ
工場は四時に笛鳴り五時に鳴り未だ曉けねば我は眠るも,島木赤彦,馬鈴薯の花,1910,アララギ
學校の授業はありと思ひっつ曉われは眠りたるかな,島木赤彦,馬鈴薯の花,1910,アララギ
夜は明けて火鉢にたまる烟草の殼疲れて我は吸ひにけらしも,島木赤彦,馬鈴薯の花,1910,アララギ
あかつきの四方の衢の音きこゆ今吾れは茶を口にふくむも,島木赤彦,馬鈴薯の花,1910,アララギ
はふ葛,島木赤彦,馬鈴薯の花,1910,アララギ
瘠せたりとこのごろ思ふわが足を布團のなかに動かして見るも,島木赤彦,馬鈴薯の花,1910,アララギ
何ゆゑにたより絶えしか分らねば夜をつくし思ふ我は坐るも,島木赤彦,馬鈴薯の花,1910,アララギ
お茶の水橋渡りていゆく現し身の我の心を知る人もなし,島木赤彦,馬鈴薯の花,1910,アララギ
お茶の水橋低きに見ゆる水のいろ寒む夜は更けてわれは行くなる,島木赤彦,馬鈴薯の花,1910,アララギ
はふ葛のわかれと思はねば傘さして雨夜の坂を下りたりける,島木赤彦,馬鈴薯の花,1910,アララギ
毛野の山,島木赤彦,馬鈴薯の花,1910,アララギ
ひむがしの道のはてなる毛野の山草さへ萌えてまた逢はめやも,島木赤彦,馬鈴薯の花,1910,アララギ
沈む日をとどめし得ねば惜しみつつ山を下りぬまた逢はめやも,島木赤彦,馬鈴薯の花,1910,アララギ
上つ毛の春草山に鹽の湯の永久にし湧くを我は歎くも,島木赤彦,馬鈴薯の花,1910,アララギ
岩が根のこごしき山に入り來り山に向ひて歎きつるかも,島木赤彦,馬鈴薯の花,1910,アララギ
掛妹子がこもらふ里を近みかも春草のびず山に雪あり,島木赤彦,馬鈴薯の花,1910,アララギ
春の山,島木赤彦,馬鈴薯の花,1910,アララギ
萱の芽の靑芽の伸びを踏みのぼる春の圓山はおもしろきかも,島木赤彦,馬鈴薯の花,1910,アララギ
小林の木ぬれをくぐる春鳥の敏きおこなひも愛らし我妹,島木赤彦,馬鈴薯の花,1910,アララギ
山路,島木赤彦,馬鈴薯の花,1910,アララギ
三一七,島木赤彦,馬鈴薯の花,1910,アララギ
松風の音はたえまもあらなくに霧こそわたれその山松に,島木赤彦,馬鈴薯の花,1910,アララギ
白雲の山深くなり足つまづき現し身われを幽かに思ほゆ,島木赤彦,馬鈴薯の花,1910,アララギ
日は曇り雲は吹き來と思ふまに我が身も草も霑れにけるかも,島木赤彦,馬鈴薯の花,1910,アララギ
霧の中かすかに鳥は聞ゆれど我は心のうちに歎くも,島木赤彦,馬鈴薯の花,1910,アララギ
山深く霧はれゆきて松の葉のしみらに照るは寂しかりけれ,島木赤彦,馬鈴薯の花,1910,アララギ
御嶽講社四首,島木赤彦,馬鈴薯の花,1910,アララギ
夜の汽車に御嶽講社の眠りふけ一人扇を動かす女のゐる,島木赤彦,馬鈴薯の花,1910,アララギ
御山には雪かあらむと物言ひし行服の少女居眠りするも,島木赤彦,馬鈴薯の花,1910,アララギ
夜の汽車の玻璃窓に雨は流るれど少女ふたりの相倚り眠る,島木赤彦,馬鈴薯の花,1910,アララギ
念ずるところは六根淸淨なりといへど眉引ほそくあはれに眠る,島木赤彦,馬鈴薯の花,1910,アララギ
靑山の古りにし家にかへり來て盂蘭盆棚をつくる草花をあみて,島木赤彦,馬鈴薯の花,1910,アララギ
早稻田田圃,島木赤彦,馬鈴薯の花,1910,アララギ
まつさをき石龍芮の莖の太莖ゆ萌えたち揃ふ稚葉のさびしさ,島木赤彦,馬鈴薯の花,1910,アララギ
酒飮むところなくて出でたる街裏のたがらしの群れの花盛りなり,島木赤彦,馬鈴薯の花,1910,アララギ
偶作,島木赤彦,馬鈴薯の花,1910,アララギ
人間の男一貫口をあきて言はばからりと心から響け,島木赤彦,馬鈴薯の花,1910,アララギ
木の下のくさり茸を踏みにじりあなやかしこやまさに踏みたり,島木赤彦,馬鈴薯の花,1910,アララギ
雛燕,島木赤彦,馬鈴薯の花,1910,アララギ
靑山のふか山の湖の光り波日は輝けど風の冷しさ,島木赤彦,馬鈴薯の花,1910,アララギ
晝ふくる土用の湖の光り波ひかり搖りつつ嵐はつのる,島木赤彦,馬鈴薯の花,1910,アララギ
嵐の湖搖りゆる栗樹の靑いがに燕の雛の群れてゐる見ゆ,島木赤彦,馬鈴薯の花,1910,アララギ
絶え間なく嵐にゆるる栗の毬にうち群れてゐる燕は飛ばず,島木赤彦,馬鈴薯の花,1910,アララギ
ひつたりと吹き撓ひたる栗樹の梢燕靜かに居りにけるかも,島木赤彦,馬鈴薯の花,1910,アララギ
嵐のなか起きかへらむとする枝の重くぞ動く靑毬の群れ,島木赤彦,馬鈴薯の花,1910,アララギ
燕立つときとはなりぬ湖の靑山の雲の寂しき眞晝ま,島木赤彦,馬鈴薯の花,1910,アララギ
故さとの湖を見れば雛燕靑波にまひ夏ふけにけり,島木赤彦,馬鈴薯の花,1910,アララギ
あらし,島木赤彦,馬鈴薯の花,1910,アララギ
靑葭原嵐ひせなし氷室より氷積みたる車は行くも,島木赤彦,馬鈴薯の花,1910,アララギ
磯の上の氷室の屋根のむれ燕みだれ散りたり嵐の空に,島木赤彦,馬鈴薯の花,1910,アララギ
氷はこぶ車の零直に垂り旱日中のあらしの疾さ,島木赤彦,馬鈴薯の花,1910,アララギ
湖の靑葭原ゆこもごもに燕とびゆき沖の上に見ゆ,島木赤彦,馬鈴薯の花,1910,アララギ
湖のなかに馬曳き入るる眞裸のひとは手網を引張りてをり,島木赤彦,馬鈴薯の花,1910,アララギ
お舟祭,島木赤彦,馬鈴薯の花,1910,アララギ
神杉の錦杉の下にお舟曳く諏訪の祭りに今日遇ひにけり,島木赤彦,馬鈴薯の花,1910,アララギ
いそのかみ古杉の下の神の田は穂を孕みたり注連繩を張りて,島木赤彦,馬鈴薯の花,1910,アララギ
秋草に遊行婦女のともの遊びけむお舟祭は古き代のまつり,島木赤彦,馬鈴薯の花,1910,アララギ
故さとの町の祭にかへり來て輕業を見るわが子とともに,島木赤彦,馬鈴薯の花,1910,アララギ
波のよる高濱の道暑けれど草むら深くいまだ露あり,島木赤彦,馬鈴薯の花,1910,アララギ
歸國,島木赤彦,馬鈴薯の花,1910,アララギ
雨に似て音こそすなれ家そとの桑の畑に山風は吹き,島木赤彦,馬鈴薯の花,1910,アララギ
窓押して寒しと言ひぬ晴れわたる星空の下に桑の木は搖り,島木赤彦,馬鈴薯の花,1910,アララギ
桑原の茂り夜ぶかし杜鵑このごろ啼かずと妻の言ひつる,島木赤彦,馬鈴薯の花,1910,アララギ
小夜ふけて桑畑の風の疾ければ土用螢の光は行くも,島木赤彦,馬鈴薯の花,1910,アララギ
夜ふけて茶を欲しくなり焚火たく心寂しも妻を起さず,島木赤彦,馬鈴薯の花,1910,アララギ
いとどしく夜風にさわぐ桑畑に天の川晴れて傾きにけり,島木赤彦,馬鈴薯の花,1910,アララギ
天の川夜空のなかにまさやかに明るむ雲の心地こそすれ,島木赤彦,馬鈴薯の花,1910,アララギ
大正六年改訂,島木赤彦,馬鈴薯の花,1910,アララギ
山の原,島木赤彦,馬鈴薯の花,1910,アララギ
大巖の頂をつつむ草の花は夕日にさむく紫に見ゆ,島木赤彦,馬鈴薯の花,1910,アララギ
岩群の明るき暗き彼の面此の面日は忽ちに暮れむとするも,島木赤彦,馬鈴薯の花,1910,アララギ
白樺の木の上に白き日は曇り木の葉しきりに根に落ちたまる,島木赤彦,馬鈴薯の花,1910,アララギ
樺の根ゆ垂るほそ水に瓶をおき水のたまるを待ちてわが居り,島木赤彦,馬鈴薯の花,1910,アララギ
野の池の水の溜まりに垂れ累なる黑き木の果を手を伸ばし取るも,島木赤彦,馬鈴薯の花,1910,アララギ
わが前に蟻噛み合ひをしつつ居り深山の池のいたく靜けき,島木赤彦,馬鈴薯の花,1910,アララギ
山の池に紫に咲ける澤桔梗人の來りて折ることもなし,島木赤彦,馬鈴薯の花,1910,アララギ
木を離るる大き朴の葉すみやかに落ちて音せりこの山の池に,島木赤彦,馬鈴薯の花,1910,アララギ
疊の上,島木赤彦,馬鈴薯の花,1910,アララギ
眞裸になりて汗ふき居たりけり下宿にかへり我一人なる,島木赤彦,馬鈴薯の花,1910,アララギ
疊のうへ赤蟻が這ふ行列をながめ見てゐる我が身は裸,島木赤彦,馬鈴薯の花,1910,アララギ
窓のそと高くのびたる雜草に風を待ちをる我が身は裸,島木赤彦,馬鈴薯の花,1910,アララギ
遠國の妻より手紙とどきたり汗ふきてよむ我が身は裸,島木赤彦,馬鈴薯の花,1910,アララギ
草の上の空はてもなし眼をあきて仰ぎ見でゐる我が身は裸,島木赤彦,馬鈴薯の花,1910,アララギ
垣そとの百日紅の木のかげにかくれんぼする笑ひ聲きこゆ,島木赤彦,馬鈴薯の花,1910,アララギ
咲き枝垂る百日紅の幹明し鬼は眼に手をあてて居る,島木赤彦,馬鈴薯の花,1910,アララギ
木の蔭に探し出されたる三人の眼顏を見あひて驚きて居り,島木赤彦,馬鈴薯の花,1910,アララギ
,島木赤彦,馬鈴薯の花,1910,アララギ
三二五,島木赤彦,馬鈴薯の花,1910,アララギ
百日紅,島木赤彦,馬鈴薯の花,1910,アララギ
よべ一夜の嵐によわりし百日紅夕日に垂りてうつくしきかも,島木赤彦,馬鈴薯の花,1910,アララギ
あかねさす日の入りがたの百日紅くれなゐ深く萎れたり見ゆ,島木赤彦,馬鈴薯の花,1910,アララギ
地の上に明るく圓き幹ーぼん立ちのさびしきさるすべりの花,島木赤彦,馬鈴薯の花,1910,アララギ
嵐すぎて垣の破れもつくろはね隣の庭の百日紅あらは,島木赤彦,馬鈴薯の花,1910,アララギ
草庭は荒れたるゆゑに土の肌明るくし照る百日紅の花,島木赤彦,馬鈴薯の花,1910,アララギ
子どもらが鬼ごとをして去りしより日ぐれに遠しさるすべりの花,島木赤彦,馬鈴薯の花,1910,アララギ
野分すぎて蟲の鳴かざる草の庭に眞晝明るきさるすべりの花,島木赤彦,馬鈴薯の花,1910,アララギ
夕日照るさるすべりの花よわりたれど土に落ちたるは一つもあらず,島木赤彦,馬鈴薯の花,1910,アララギ
柚子,島木赤彦,馬鈴薯の花,1910,アララギ
踏みのぼる冬木の坂は霜ながら幾日雨ふらぬ土乾きをり,島木赤彦,馬鈴薯の花,1910,アララギ
柚子の玉ここたもこもる柚子の葉の群葉眞白く霜おきて見ゆ,島木赤彦,馬鈴薯の花,1910,アララギ
しんとして柚木のむら葉の霜どけに光きらめく柚の果の多さ,島木赤彦,馬鈴薯の花,1910,アララギ
この庭に照りて寂しき柚子の幹のおほに靑きは苔むせるなり,島木赤彦,馬鈴薯の花,1910,アララギ
學校ははじまりて居り現し身のつく息白く入り行くひとり,島木赤彦,馬鈴薯の花,1910,アララギ
上野山,島木赤彦,馬鈴薯の花,1910,アララギ
,島木赤彦,馬鈴薯の花,1910,アララギ
上野山土に霜降れりたまさかのいとま寂しく來りて步む,島木赤彦,馬鈴薯の花,1910,アララギ
樹の上に鴉は鳴けり上野山土にあまねく霜ふる時か,島木赤彦,馬鈴薯の花,1910,アララギ
黑ぐろと幹を交ふる冬枯の木立のなかに鐘鳴りわたる,島木赤彦,馬鈴薯の花,1910,アララギ
光うすき春日曼陀羅の硝子戸に我と稚子の息は曇るも,島木赤彦,馬鈴薯の花,1910,アララギ
冬の日の照りて明るき黑門の古き彈痕のぞき見て居り,島木赤彦,馬鈴薯の花,1910,アララギ
野分,島木赤彦,馬鈴薯の花,1910,アララギ
野分の風とよもしすぐる窓のもとに起きて物書く曉近し,島木赤彦,馬鈴薯の花,1910,アララギ
同宿の高木今衞がつぎし炭今衞は寢ねて火はおこり居り,島木赤彦,馬鈴薯の花,1910,アララギ
二人住む狹き室ぬちに彼れ寢れは我れ起き出でて物を書きをり,島木赤彦,馬鈴薯の花,1910,アララギ
野分の風吹きのたえまの檐の音雨になりしと知りつつ物書く,島木赤彦,馬鈴薯の花,1910,アララギ
十一月一日の間にとても合はぬ歌の原稿を一人書き居り,島木赤彦,馬鈴薯の花,1910,アララギ
原稿を終へざるべからず吹きとよむ野分の朝の窓をひらかず,島木赤彦,馬鈴薯の花,1910,アララギ
子規忌茂吉宅,島木赤彦,馬鈴薯の花,1910,アララギ
十日ばかり病の床にありしかば十七夜忌に來て疲れたり,島木赤彦,馬鈴薯の花,1910,アララギ
病牀　ー,島木赤彦,馬鈴薯の花,1910,アララギ
枕べの障子一日曇りたり眼をあげてをりをり見るも,島木赤彦,馬鈴薯の花,1910,アララギ
外を見れば見ゆる朝顏のっぶら實に冬の日あたり忽ちかげる,島木赤彦,馬鈴薯の花,1910,アララギ
動くことなかれと言ひし我が茂吉わが床のへにものを食ひ居り,島木赤彦,馬鈴薯の花,1910,アララギ
必ずに癒ゆべき病と思ひつつ腕疲れて物を書き居り,島木赤彦,馬鈴薯の花,1910,アララギ
冬の日のあたることなき北の窓一つの窓に一日向ふ,島木赤彦,馬鈴薯の花,1910,アララギ
睾丸を切りおとしたる次ぐの日の曉どきに眼ざめ我が居り,島木赤彦,馬鈴薯の花,1910,アララギ
寂しくて布團ゆ上ゆ仰ぎ見る短日の陽は傾きにけり,島木赤彦,馬鈴薯の花,1910,アララギ
其,島木赤彦,馬鈴薯の花,1910,アララギ
二,島木赤彦,馬鈴薯の花,1910,アララギ
十二月六日赤木桁平氏來り夏目先生の危篤を知る,島木赤彦,馬鈴薯の花,1910,アララギ
先生の門人一人愁ひうｔつ霜夜のふけに來りて去れり,島木赤彦,馬鈴薯の花,1910,アララギ
霜夜おそく人の來りて遺し行きし大きザポンの玉を見てゐる,島木赤彦,馬鈴薯の花,1910,アララギ
いたづきの身は動かねば畳の目のよごれ明るく灯はふけてゐる,島木赤彦,馬鈴薯の花,1910,アララギ
原稿を止めと言はれて止めたまひし大き先生を死なしむべからず,島木赤彦,馬鈴薯の花,1910,アララギ
あな悲し原稿のつづき思ひたまふ胃の腑には血の出でていませり,島木赤彦,馬鈴薯の花,1910,アララギ
霜夜の風窓にしづまりておほけなし先生の道を思ひ見る一人,島木赤彦,馬鈴薯の花,1910,アララギ
わが喉を今通ふ息の音きこゆ木枯の風とみに靜まり,島木赤彦,馬鈴薯の花,1910,アララギ
〇,島木赤彦,馬鈴薯の花,1910,アララギ
,島木赤彦,馬鈴薯の花,1910,アララギ
夜おそく手洗ひにゆく洗面所の桶に挿してある冬至梅咲けり,島木赤彦,馬鈴薯の花,1910,アララギ
其,島木赤彦,馬鈴薯の花,1910,アララギ
三,島木赤彦,馬鈴薯の花,1910,アララギ
短か日の眠りよさめていたづきの病の床に白湯を飮み居り,島木赤彦,馬鈴薯の花,1910,アララギ
眼のまへにおほに明るむ壁のいろ冬の日ふけて白湯を飮み居り,島木赤彦,馬鈴薯の花,1910,アララギ
硝子窓の外の面くれなゐの南天に雀動きて冬の日かげる,島木赤彦,馬鈴薯の花,1910,アララギ
いたづきの病の床のいとまあり冬のいち日人を忘れず,島木赤彦,馬鈴薯の花,1910,アララギ
たまたまに來つる人らは我が病快からむと言ひ皆かへりたり,島木赤彦,馬鈴薯の花,1910,アララギ
一人して病の床に橫はる日かず思へば冬至に近し,島木赤彦,馬鈴薯の花,1910,アララギ
茂吉に與ふ,島木赤彦,馬鈴薯の花,1910,アララギ
冬の日の障子の下に眠りて覺め幽かなるかも寢ぬらく我は,島木赤彦,馬鈴薯の花,1910,アララギ
たまの緖の命をつなぐ日々のもの薄粥飯も飽きぬるものを,島木赤彦,馬鈴薯の花,1910,アララギ
日はささず十二月となりし窓の下からだ疲れて眠ること多し,島木赤彦,馬鈴薯の花,1910,アララギ
わが友の處方の藥口にふくみ直に寂しき冬日は傾く,島木赤彦,馬鈴薯の花,1910,アララギ
床の上にあしたは目ぎめ夜は眠る我も一人は寂しと思ふ,島木赤彦,馬鈴薯の花,1910,アララギ
歳末の宿人皆國にかへりたり寂しと言ひぬ君に向ひて,島木赤彦,馬鈴薯の花,1910,アララギ
,島木赤彦,馬鈴薯の花,1910,アララギ
三三三,島木赤彦,馬鈴薯の花,1910,アララギ
,島木赤彦,馬鈴薯の花,1910,アララギ
大正六年,島木赤彦,馬鈴薯の花,1910,アララギ
庭土,島木赤彦,馬鈴薯の花,1910,アララギ
隣家の板壁の日の照りかへり暮れがた明かし石ころの庭,島木赤彦,馬鈴薯の花,1910,アララギ
夕飯を終り小窓をあけて見れば日はあかあかと石ころの庭,島木赤彦,馬鈴薯の花,1910,アララギ
工廠の機關銃のおと頻りに響き日ぐれむとする庭は明るき,島木赤彦,馬鈴薯の花,1910,アララギ
厨べに夜ふけの灯明く照り手紙書きをる下女二人,島木赤彦,馬鈴薯の花,1910,アララギ
畫のまの疲れをもちて手紙かく女中おつねの居睡りあはれ,島木赤彦,馬鈴薯の花,1910,アララギ
