本文,作者,歌集,年代,雑誌（結社）
,斎藤茂吉,あらたま,1913,アララギ
大正二年九月より,斎藤茂吉,あらたま,1913,アララギ
黑き蛼,斎藤茂吉,あらたま,1913,アララギ
ふり灑ぐあまつひかりに目の見えぬ黑き蛼を追ひつめにけり,斎藤茂吉,あらたま,1913,アララギ
秋づける丘の畑くまに音たえて晝のいとどはかくろひいそぐ,斎藤茂吉,あらたま,1913,アララギ
あかねさす晝のこほろぎおどろきてかくろひ行くを見むとわがせし,斎藤茂吉,あらたま,1913,アララギ
畑ゆけばしんしんと光降りしきり黑き蟋蟀の目のみえぬころ,斎藤茂吉,あらたま,1913,アララギ
まんじゆ沙華さけるを見つつ心さへつかれてをかの畑こえにけり,斎藤茂吉,あらたま,1913,アララギ
,斎藤茂吉,あらたま,1913,アララギ
折にふれ,斎藤茂吉,あらたま,1913,アララギ
をさな妻あやぶみまもる心さへ今ははかなくなりにけるかも,斎藤茂吉,あらたま,1913,アララギ
どんよりと步みきたりし後へより鐵のにほひながれ來にけり,斎藤茂吉,あらたま,1913,アララギ
わが妻に觸らむとせし生ものの彼のいのちの死せざらめやも,斎藤茂吉,あらたま,1913,アララギ
固腹をづぶりと刺して逃げのびし男捕はれて來るとふ朝や　岡田滿,斎藤茂吉,あらたま,1913,アララギ
いきどほろしきこの身もつひに默しつつ入日のなかに無花果を食む,斎藤茂吉,あらたま,1913,アララギ
ぬば玉の黑き河豚の子なびき藻に少女の如くひそみたりけり,斎藤茂吉,あらたま,1913,アララギ
よひあさく土よりのぼる土の香を嗅ぎつつ心いきどほり居り,斎藤茂吉,あらたま,1913,アララギ
郊外をか往きかく往き坂のぼり黃いろき茸ふみにじりたり,斎藤茂吉,あらたま,1913,アララギ
うつし身のわが荒魂もーいろに悲しみにつつ潮間をあゆむ,斎藤茂吉,あらたま,1913,アララギ
わがこころせつぱつまりて手のひらの黑き河豚の子つひに殺したり,斎藤茂吉,あらたま,1913,アララギ
河豚の子をにぎりつぶして潮もぐり悲しき息をこらす吾はや,斎藤茂吉,あらたま,1913,アララギ
,斎藤茂吉,あらたま,1913,アララギ
野中,斎藤茂吉,あらたま,1913,アララギ
たかだかと乾草ぐるま竝びたり乾くさの香を欲しけるかも,斎藤茂吉,あらたま,1913,アララギ
ほしくさの馬車なみ行きしかば馬はかくろふ乾くさのかけ,斎藤茂吉,あらたま,1913,アララギ
太陽のひかり散りたりわが命たじろがめやも野中に立ちて,斎藤茂吉,あらたま,1913,アララギ
くろぐろと晝のこほろぎ飛び跳ねてわれは淚を落すなりけり,斎藤茂吉,あらたま,1913,アララギ
あしびきの山より下る水たぎち二たびここに相見つるかも,斎藤茂吉,あらたま,1913,アララギ
ひしひしと力たへがたく洩きたちて遠き女をねたみけるかも,斎藤茂吉,あらたま,1913,アララギ
海岸にくやしき息を漏したり常ならぬかなや荒磯潮間,斎藤茂吉,あらたま,1913,アララギ
われつひに孤り心に生きざるか少女に離れてさびしきものを,斎藤茂吉,あらたま,1913,アララギ
,斎藤茂吉,あらたま,1913,アララギ
乾草,斎藤茂吉,あらたま,1913,アララギ
きなぐさきあまつひかりに濡れとほり原のくぼみをあれひとりゆく,斎藤茂吉,あらたま,1913,アララギ
ふりそそぐ秋のひかりに乾くさのこらへかねたるにほひのぼれり,斎藤茂吉,あらたま,1913,アララギ
ひたぶるにトマト畑を飛びこゆるわれの心のいきどほろしも,斎藤茂吉,あらたま,1913,アララギ
いちはやく湧くにやあらむこの身さへ懺悔の心わくにやあらむ,斎藤茂吉,あらたま,1913,アララギ
くろがねの黑きひかりをおもひつつ乾くさのへに目をつむり居り,斎藤茂吉,あらたま,1913,アララギ
,斎藤茂吉,あらたま,1913,アララギ
宿直の日,斎藤茂吉,あらたま,1913,アララギ
狂院のうらの畑の玉キヤベツ豚の子どもは越えがたきかな,斎藤茂吉,あらたま,1913,アララギ
かんかんと眞日照りつくる畑みちに豚の子のむれをしばしいぢめぬ,斎藤茂吉,あらたま,1913,アララギ
むらがりて豚の子走る畑みちにすでに衰ふる黃いろの日のひかり,斎藤茂吉,あらたま,1913,アララギ
むらぎものみだれし心澄みゆかむ豚の子を道にいぢめ居たれば,斎藤茂吉,あらたま,1913,アララギ
みちたらはざる心をもちて湯のたぎり見つめけるかな宿直をしつつ,斎藤茂吉,あらたま,1913,アララギ
,斎藤茂吉,あらたま,1913,アララギ
一本道,斎藤茂吉,あらたま,1913,アララギ
あかあかと一本の道とほりたりたまきはる我が命なりけり,斎藤茂吉,あらたま,1913,アララギ
かがやけるひとすぢの道遙けくてかうかうと風は吹きゆきにけり,斎藤茂吉,あらたま,1913,アララギ
野のなかにかかやきて一本の道は見ゆここに命をおとしかねつも,斎藤茂吉,あらたま,1913,アララギ
はるばるとーすぢのみち見はるかす我は女犯をおもはざりけり,斎藤茂吉,あらたま,1913,アララギ
我はこころ極まりて來し日に照りて一筋みちのとほるは何ぞも,斎藤茂吉,あらたま,1913,アララギ
こころむなしくここに來れりあはれあはれ土の窪にくまなき光,斎藤茂吉,あらたま,1913,アララギ
秋づける代々木の原の日のにほひ馬は遠くもなりにけるかも,斎藤茂吉,あらたま,1913,アララギ
かなしみて心和ぎ來むえにしあり通りすがひし農夫妻はや,斎藤茂吉,あらたま,1913,アララギ
,斎藤茂吉,あらたま,1913,アララギ
お茶の水,斎藤茂吉,あらたま,1913,アララギ
まかかよふひかりたむろに蜻蛉らがほしいままなる飛のさやけさ,斎藤茂吉,あらたま,1913,アララギ
あか蜻蛉むらがり飛ぶよ入つ日の光につるみみだれて來もよ,斎藤茂吉,あらたま,1913,アララギ
水のへの光たむろに小蜻蛉はひたぶるにして飛びやまずけり,斎藤茂吉,あらたま,1913,アララギ
くれなゐの蜻蛉ひかりて飛びみだるうづまきを見れどいまだ飽かずも,斎藤茂吉,あらたま,1913,アララギ
お茶の水を渡らむとして蜻蛉らのざつくばらんの飛のおこなひ見つつかなしむ,斎藤茂吉,あらたま,1913,アララギ
,斎藤茂吉,あらたま,,アララギ
,斎藤茂吉,あらたま,,アララギ
大正三年,斎藤茂吉,あらたま,,アララギ
,斎藤茂吉,あらたま,,アララギ
七面鳥,斎藤茂吉,あらたま,1914,アララギ
冬庭に百日紅の木ほそり立ち七面鳥のつがひあゆめり,斎藤茂吉,あらたま,1914,アララギ
穩田にいへゐる繪かき繪をかくと七面鳥を見らく飽かなく,斎藤茂吉,あらたま,1914,アララギ
穩田の繪かきの庭に步み居る七面鳥をわれも見て居り,斎藤茂吉,あらたま,1914,アララギ
ひさしより短か垂氷のーならび白きひかりが滴つてゐる,斎藤茂吉,あらたま,1914,アララギ
ゆづり葉の木かげ斜にをんどりの七面鳥は急ぎあゆめり,斎藤茂吉,あらたま,1914,アララギ
垂氷より光のかたまり落ちて來る七面鳥は未だつるまず,斎藤茂吉,あらたま,1914,アララギ
うちひびき七面鳥のをんどりの羽ばたき一つ大きかりけり,斎藤茂吉,あらたま,1914,アララギ
十方に眞ぴるまなれ七面の鳥はじけむばかり膨れけるかも,斎藤茂吉,あらたま,1914,アララギ
七面鳥ひとつひたぶるに膨れつつ我のまともに居たるたまゆら,斎藤茂吉,あらたま,1914,アララギ
まかがよふ光のなかに首あげ七面鳥は身ぶるひをせり,斎藤茂吉,あらたま,1914,アララギ
ひばの木の下枝にのぼるをんどりの七面鳥のかうべ紅しも,斎藤茂吉,あらたま,1914,アララギ
七面鳥ふたつい竝びふくれたち息凝らす我に近づきにけり,斎藤茂吉,あらたま,1914,アララギ
あかねさす日もすがら見れど雌鳥の七面鳥はしづけきものを,斎藤茂吉,あらたま,1914,アララギ
七面鳥かうべをのべてけたたまし一つの息の聲吐きにけり,斎藤茂吉,あらたま,1914,アララギ
七面鳥の腹へりしかばたわやめは靑菜をもちてこまごまと切る,斎藤茂吉,あらたま,1914,アララギ
七面鳥ねむりに行きて殘り立つゆづり葉の莖の紅きがかなし,斎藤茂吉,あらたま,1914,アララギ
ゆづり葉のもとにひとむらの雪きえのこり七面鳥は寢にゆきにけり,斎藤茂吉,あらたま,1914,アララギ
,斎藤茂吉,あらたま,1914,アララギ
一心敬禮,斎藤茂吉,あらたま,1914,アララギ
海岸の松の木原に著きしかば今日のひと日も暮れにけるかも,斎藤茂吉,あらたま,1914,アララギ
潮騷をききてしづかに眠らむと思ひやまねばつひに來にけり,斎藤茂吉,あらたま,1914,アララギ
松風が吹きゐたりけり松はらの小道をのぼり童女と行けば,斎藤茂吉,あらたま,1914,アララギ
ほのぼのと諸國修行に行くこころ遠松かせも聞くべかりけり,斎藤茂吉,あらたま,1914,アララギ
父母所生の眼ひらきてーいろの暗きを見たり遠き松かせ,斎藤茂吉,あらたま,1914,アララギ
ともしびの心をほそめて松はらのしづかなる家にまなこつむりぬ,斎藤茂吉,あらたま,1914,アララギ
目をとぢて二人さびしくかうかうと行く松風の音をこそ聞け,斎藤茂吉,あらたま,1914,アララギ
松ばらにふたり目ざめて鳥がなく東土の海のあけぼのを見つ,斎藤茂吉,あらたま,1914,アララギ
ゆらゆらと朝日子あかくひむがしの海に生れてゐたりけるかも,斎藤茂吉,あらたま,1914,アララギ
東海の渚に立てば朝日子はわがをとめごの額を照らす,斎藤茂吉,あらたま,1914,アララギ
目をひらきてありがたきかなやくれなゐの大日われに近づきのぼる,斎藤茂吉,あらたま,1914,アララギ
,斎藤茂吉,あらたま,1914,アララギ
雜歌,斎藤茂吉,あらたま,1914,アララギ
むかう空にながれて落つる星のあり悲しめる身の命のこぼれ,斎藤茂吉,あらたま,1914,アララギ
赤電車場ずゑをさして走りたりわれの向ひの人はねむりぬ,斎藤茂吉,あらたま,1914,アララギ
みちのくに米とぼしとぞ小夜ふけし電車のなかに父をしぞ思ふ,斎藤茂吉,あらたま,1914,アララギ
しんしんと雪ふるなかにたたずめる馬の眼はまたたきにけり,斎藤茂吉,あらたま,1914,アララギ
電車とまるここは靑山三丁目染屋の紺に雪ふり消居り,斎藤茂吉,あらたま,1914,アララギ
ほうつとして電車を去りし現身の我の眉間に雪ふりしきる,斎藤茂吉,あらたま,1914,アララギ
ゆく春はしづかなれども氣にかかるあはれをとめて我は來にけり,斎藤茂吉,あらたま,1914,アララギ
春がすみとほくながるる西空に入日おほきくなりにけるかも,斎藤茂吉,あらたま,1914,アララギ
侏儒ひとり陣羽織きて行きにけり行方に春のつちげむり立つ,斎藤茂吉,あらたま,1914,アララギ
入日ぞら頭がちなる侏儒ひとりいま大河の鐵橋わたる,斎藤茂吉,あらたま,1914,アララギ
かなしかる初代ぽんたも古妻の舞ふ行く春のよるのともしび,斎藤茂吉,あらたま,1914,アララギ
にはたづみ流れ果てねば竹の葉ゆ陽炎のぼる日の光さし,斎藤茂吉,あらたま,1914,アララギ
さにづらふ少女の歎もものものし人さびせざるこがらしの音,斎藤茂吉,あらたま,1914,アララギ
いつぽんの杉の大木にかかりたる入日のほのほ澄みにけるかも,斎藤茂吉,あらたま,1914,アララギ
いつぽんの杉の大木に抱かれゐし紅き入つ日土に入るかも,斎藤茂吉,あらたま,1914,アララギ
赤光のなかに染まりて歸りくる農夫のをみな草負へりけり,斎藤茂吉,あらたま,1914,アララギ
なげかざる女のまなこ直さびし電燈のもとに湯はたぎるなり,斎藤茂吉,あらたま,1914,アララギ
,斎藤茂吉,あらたま,1914,アララギ
諦念,斎藤茂吉,あらたま,1914,アララギ
橡の太樹をいま吹きとほる五月かせ嫩葉たふとく諸向きにけり,斎藤茂吉,あらたま,1914,アララギ
朝風の流るるまにま橡の樹の嫩葉ひたむきになびき伏すはや,斎藤茂吉,あらたま,1914,アララギ
朝ゆけば朝森うごき夕くれば夕森うごく見とも悔いめや,斎藤茂吉,あらたま,1914,アララギ
しまし我は目をつむりなむ眞日おもて鴉ねむりに行くこゑきこゆ,斎藤茂吉,あらたま,1914,アララギ
この夜は鳥獣魚介もしづかなれ未練もちてか行きかく行くわれも,斎藤茂吉,あらたま,1914,アララギ
あきらめに色なありそとぬば玉の小夜なかにして目ざめかなしむ,斎藤茂吉,あらたま,1914,アララギ
この朝明ひた急ぐ土の土龍かなしきものを我見たりけり,斎藤茂吉,あらたま,1914,アララギ
豚の子と軍雞ともの食ふところなり我が魂ももとほるところ,斎藤茂吉,あらたま,1914,アララギ
,斎藤茂吉,あらたま,1914,アララギ
とのゐ,斎藤茂吉,あらたま,1914,アララギ
はつ夏の日の照りわたりたる狂院のせとの土原に軍雞むらがれり,斎藤茂吉,あらたま,1914,アララギ
ひと夜ねしとのゐの朝の疊はふ蟲をころさずめざめごころに,斎藤茂吉,あらたま,1914,アララギ
やまたづのむかひの森にさぬつどり雉子啼きとよむ聲のかなしさ,斎藤茂吉,あらたま,1914,アララギ
朝明けてひた怒りをる狂人のこゑをききつつ疑はずけり,斎藤茂吉,あらたま,1914,アララギ
ひとりゐて見つつさびしむあぶらむし硯の水を舐め止ますけり,斎藤茂吉,あらたま,1914,アララギ
,斎藤茂吉,あらたま,1914,アララギ
蝌蚪,斎藤茂吉,あらたま,1914,アララギ
かへるごは水のもなかに生れいでかなしきかなや淺岸に寄る,斎藤茂吉,あらたま,1914,アララギ
くろきものおたまじやくしは命もち今か生れなむもの怖ぢながら,斎藤茂吉,あらたま,1914,アララギ
あかねさす晝の光の尊くておれまじやくしは生れやまずけり,斎藤茂吉,あらたま,1914,アララギ
まんまんと滿つる光に生れゐるおたまじゃくしの目は見ゆるらむ,斎藤茂吉,あらたま,1914,アララギ
かへるごの池いちめんになりたらば術あらめやと心散りをり,斎藤茂吉,あらたま,1914,アララギ
水際にはおたまじやくしの聚合の凝り動かねば夕さりにけり,斎藤茂吉,あらたま,1914,アララギ
くろぐろと命みじかく寄りあへるおたまじやくしをしまらくは見む,斎藤茂吉,あらたま,1914,アララギ
きちがひの遊步がへりのむらがりのひとり掌を合す水に向きつつ,斎藤茂吉,あらたま,1914,アララギ
,斎藤茂吉,あらたま,1914,アララギ
朝の螢,斎藤茂吉,あらたま,1914,アララギ
足乳根の母に連れられ川越えし田越えしこともありにけむもの,斎藤茂吉,あらたま,1914,アララギ
草づたふ朝の螢よみじかかるわれのいのちを死なしむなゆめ,斎藤茂吉,あらたま,1914,アララギ
朝どりの朝立つわれの靴下のやぶれもさびし夏さりにけり,斎藤茂吉,あらたま,1914,アララギ
こころ妻まだうら若く戸をあけて月は紅しといひにけるかも,斎藤茂吉,あらたま,1914,アララギ
わくらはに生れこしわれと思へども妻なればとてあひ寢るらむか,斎藤茂吉,あらたま,1914,アララギ
ぎばうしゆの葉のひろごりに日ならべし梅雨晴れて暑しこのごろ,斎藤茂吉,あらたま,1914,アララギ
代々木野をむらがり走る汗馬をかなしと思ふ夏さりにけり,斎藤茂吉,あらたま,1914,アララギ
みじかかるこの世を經むとうらかなし女の連のありといふかも,斎藤茂吉,あらたま,1914,アララギ
,斎藤茂吉,あらたま,1914,アララギ
百日紅,斎藤茂吉,あらたま,1914,アララギ
われ起きてあはれといひぬとどろける疾風のなかに蟬は嗚かざり,斎藤茂吉,あらたま,1914,アララギ
家鴨らに食み殘されしダアリアは暴風の中に伏しにけるかも,斎藤茂吉,あらたま,1914,アララギ
疾風來と竹のはやしの鳴る音の近くにきこゆ臥りつつをれば,斎藤茂吉,あらたま,1914,アララギ
はつはつに咲きふふみつつあしびきの暴風にゆるる百日紅のはな,斎藤茂吉,あらたま,1914,アララギ
油蟬いま鳴きにけり大かせのなごりの著るき百日紅のはな,斎藤茂吉,あらたま,1914,アララギ
向日葵は諸伏しゐたりひた吹きに疾風ふき過ぎし方にむかひて,斎藤茂吉,あらたま,1914,アララギ
熱いでて臥しつつ思ふかかる日に言よせ妻は何をいふらむ,斎藤茂吉,あらたま,1914,アララギ
嵐やや和ぎ行きにけり床のへに群ぎもさやぎ熱いでて居り,斎藤茂吉,あらたま,1914,アララギ
,斎藤茂吉,あらたま,1914,アララギ
遊光,斎藤茂吉,あらたま,1914,アララギ
ふくらめる陸稻ばたけに人はゐずあめなるや日のひかり澄みつつ,斎藤茂吉,あらたま,1914,アララギ
空をかぎりまろくひろごれる靑畑をいそぎてのぼる人ひとり見ゆ,斎藤茂吉,あらたま,1914,アララギ
ありかたや玉蜀黍の實のもろもろもみな紅毛をいただきにけり,斎藤茂吉,あらたま,1914,アララギ
な騷ぎそ此の郊外に眞日落ちて山羊は土掘り臥しにけるかも,斎藤茂吉,あらたま,1914,アララギ
あかあかと南瓜ころがりゐたりけりむかうの道を農夫はかへる,斎藤茂吉,あらたま,1914,アララギ
ゆふづくと南瓜ばたけに漂へるあかき遊光に礙あらずも,斎藤茂吉,あらたま,1914,アララギ
あかあかと土に埋まる大日のなかにひと見ゆ鍬をかつぎて,斎藤茂吉,あらたま,1914,アララギ
眞日おつる陸稻ばたけの向うにもひとりさびしく農夫かがめり,斎藤茂吉,あらたま,1914,アララギ
,斎藤茂吉,あらたま,1914,アララギ
海濱守命,斎藤茂吉,あらたま,1914,アララギ
ゆふぐれの海の淺處にぬばたまの黑牛疲れて洗はれにけり,斎藤茂吉,あらたま,1914,アララギ
ゆふ渚もの言はぬ牛つかれ來てあたまも專ら洗はれにけり,斎藤茂吉,あらたま,1914,アララギ
たどり來て煙草ばたけに密ひそと煙草の花を妻とぬすみぬ,斎藤茂吉,あらたま,1914,アララギ
ゆふされば煙草ばたけにかくまれし家念佛すひとは見えなく,斎藤茂吉,あらたま,1914,アララギ
海此岸に童のこゑすなりうらうらと照り滿る光にわれ入らむとす,斎藤茂吉,あらたま,1914,アララギ
うつつなるわらべ專念あそぶこゑ巖の陰よりのびあがり見つ,斎藤茂吉,あらたま,1914,アララギ
あかあかと照りてあそべる童男におのづからなる童女も居り,斎藤茂吉,あらたま,1914,アララギ
日のもとの入江音なし息づくと見れど音こそなかりけるかも,斎藤茂吉,あらたま,1914,アララギ
にちりんは白くちひさし海中に浮びて聲なき童子のあたま,斎藤茂吉,あらたま,1914,アララギ
妻とふたり命まもりて海つべに直つつましく魚くひにけり,斎藤茂吉,あらたま,1914,アララギ
さんごじゆの大樹のうへを行く鴉南なぎさに低くなりつも,斎藤茂吉,あらたま,1914,アララギ
みづゆけば根白高萱かやむらは濡れつつ蟹を寢しむるところ,斎藤茂吉,あらたま,1914,アララギ
しろがねの雨わたつみに輝りけむり漕ぎたみ遠きふたり舟びと,斎藤茂吉,あらたま,1914,アララギ
一列に女かがまりあかあかと煙草葉を翻へす晝のなぎさに,斎藤茂吉,あらたま,1914,アララギ
いくたりも人いで來りゆふ待ちて海の藥草に火をつけにけり,斎藤茂吉,あらたま,1914,アララギ
この濱に家ゐて鱗を食ひしかば命はながくなりにけむかも,斎藤茂吉,あらたま,1914,アララギ
海岸にひとりの童子泣きにけりたらちねの母いづくを來らむ,斎藤茂吉,あらたま,1914,アララギ
,斎藤茂吉,あらたま,1914,アララギ
三崎行,斎藤茂吉,あらたま,1914,アララギ
いちめんにふくらみ圓き粟畑を潮ふきあげし疾かせとほる,斎藤茂吉,あらたま,1914,アララギ
あをあをとおもき煙草のひろ葉畑くろき著物の人かがみつも,斎藤茂吉,あらたま,1914,アララギ
日もすがら煙草ばたけに蹲りをみなしづかに蟲をつぶせり,斎藤茂吉,あらたま,1914,アララギ
紺に照る海と海との中やまにみづうみありてかぎろひのぼる,斎藤茂吉,あらたま,1914,アララギ
ぬすみたる煙草の花の一にぎりもち步き來て妻にわたせり,斎藤茂吉,あらたま,1914,アララギ
まるくふくれし煙草ばたけの向う道馬車は小さく隱ろひにけり,斎藤茂吉,あらたま,1914,アララギ
松並樹くろくはるけしなげけとて笠著て旅路ゆくひとのあり,斎藤茂吉,あらたま,1914,アララギ
入日には金のまさごの搖られくる小磯の波に足をぬらす,斎藤茂吉,あらたま,1914,アララギ
けふもまた急げいそげとのぼり馬とほり過へる馬を見て嘶く,斎藤茂吉,あらたま,1914,アララギ
旅を來てかすかに心の澄むものは一樹のかげの蒟蒻ぐさのたま,斎藤茂吉,あらたま,1914,アララギ
しみじみと肉眼もちて見るものは蒟蒻ぐさのくきの太たち,斎藤茂吉,あらたま,1914,アララギ
ほくほくとけふも三崎へのぼり馬粟畑こえていななきにけり,斎藤茂吉,あらたま,1914,アララギ
こんにゃくの莖の靑斑の太莖をすぽりと拔きて聲もたてなく,斎藤茂吉,あらたま,1914,アララギ
ひたぶるに河豚はふくれて水のうへありのままなる命死にゐる,斎藤茂吉,あらたま,1914,アララギ
潮の上に怺へかねたる河豚の子は眼をあきて命をはれり,斎藤茂吉,あらたま,1914,アララギ
かうかうと西吹きあげて海雀あなたふと空に澄みゐて飛ばず,斎藤茂吉,あらたま,1914,アララギ
あがつまと古泉千樫と三人して淸きこの濱に一夜ねにけり,斎藤茂吉,あらたま,1914,アララギ
,斎藤茂吉,あらたま,1914,アララギ
秩父山,斎藤茂吉,あらたま,1914,アララギ
ちちのみの秩父の山に時雨ふり峽間ほそ路に人ぬるる見ゆ,斎藤茂吉,あらたま,1914,アララギ
ここにして秩父はざまの溪の水いはに迫りて白くたぎつも,斎藤茂吉,あらたま,1914,アララギ
さむざむと秩父の山に入りにけり馬は恐るる山ふかみかも,斎藤茂吉,あらたま,1914,アララギ
据風呂のなかにしまらく目を閉ぢてありがたきかなや人の音もせず,斎藤茂吉,あらたま,1914,アララギ
苦行者も通りにけらしこの水をいつくし細しといひにけらしも,斎藤茂吉,あらたま,1914,アララギ
石斧ひそむ畑のなかに草鞋ぬぎ肉刺を撫りてひとり居りけり,斎藤茂吉,あらたま,1914,アララギ
岨をゆく人に追ひつき水わたる足つめたしといひにけるかも,斎藤茂吉,あらたま,1914,アララギ
夜おそく風呂のけむりの香をかぎて世にも遠かる思ひぞわがする,斎藤茂吉,あらたま,1914,アララギ
,斎藤茂吉,あらたま,1914,アララギ
時雨,斎藤茂吉,あらたま,1914,アララギ
片山かげに靑々として畑あり時雨の雨の降りにけるかも,斎藤茂吉,あらたま,1914,アララギ
山峽に朝なゆふなに人居りてものを言ふこそあはれなりけれ,斎藤茂吉,あらたま,1914,アララギ
山こえて片山かげの靑畑ゆふべしぐれの音のさびしさ,斎藤茂吉,あらたま,1914,アララギ
ゆふされば大根の葉にふる時雨いたく寂しく降りにけるかも,斎藤茂吉,あらたま,1914,アララギ
山ふかく遊行をしたり假初のものとなおもひ山は邃しも,斎藤茂吉,あらたま,1914,アララギ
ひさかたのしぐれふりくる空さびし土に下りたちて鴉は啼くも,斎藤茂吉,あらたま,1914,アララギ
しぐれふる峽にいりつつうつしみのともしび見えず馬のおとすも,斎藤茂吉,あらたま,1914,アララギ
現身はみなねむりたりみ空より小夜時雨ふるこの寒しぐれ,斎藤茂吉,あらたま,1914,アララギ
,斎藤茂吉,あらたま,1914,アララギ
冬日,斎藤茂吉,あらたま,1914,アララギ
かんかんと橡の太樹の立てらくを背向にしつつわれぞ步める,斎藤茂吉,あらたま,1914,アララギ
橡の樹のひろ葉みな落ちて鴉ゐる枝のさゆれのよく見ゆるかも,斎藤茂吉,あらたま,1914,アララギ
ふゆ原に給をかく男ひとり來て動くけむりをかきはじめたり,斎藤茂吉,あらたま,1914,アララギ
しぐれふる空の下道身は濡れて緣なきものと我が思はなくに,斎藤茂吉,あらたま,1914,アララギ
ふゆ空に虹の立つこそやさしけれ角兵衞童子坂のぼりつつ,斎藤茂吉,あらたま,1914,アララギ
くれなゐの獅子をかうべにもつ童子もんどり打ちてあはれなるかも,斎藤茂吉,あらたま,1914,アララギ
墓はらをこえて聯隊兵營のゆふ寒空に立てる虹かも,斎藤茂吉,あらたま,1914,アララギ
向うには小竹林の黃の照りのいよよさびしく日はかたむきぬ,斎藤茂吉,あらたま,1914,アララギ
,斎藤茂吉,あらたま,,アララギ
大正四年,斎藤茂吉,あらたま,,アララギ
小竹林,斎藤茂吉,あらたま,1915,アララギ
ひるさむき光しんしんとまぢかくの細竹群に染みいろを見む,斎藤茂吉,あらたま,1915,アララギ
ひとむらとしげる竹むら黃に照りてわれのそがひに冬日かたむく,斎藤茂吉,あらたま,1915,アララギ
冬さむき日のちりぢりに篁の黃にそよぐこそあはれなりけれ,斎藤茂吉,あらたま,1915,アララギ
うつし身はかなしきかなや箪の寒きひかりを見むとし思ふ,斎藤茂吉,あらたま,1915,アララギ
ひとむきに細篁をかたむけし寒かせのなごりふかくこもりつ,斎藤茂吉,あらたま,1915,アララギ
入日さすほそたかむらをそがひにし出で入る息を愛しみにけり,斎藤茂吉,あらたま,1915,アララギ
ひとときを明るく照りしたかむらにこもるしづかさや夕づきにつつ,斎藤茂吉,あらたま,1915,アララギ
愛しめる命をもちて冬の日の染むたかむらに遠ざかりつも,斎藤茂吉,あらたま,1915,アララギ
,斎藤茂吉,あらたま,1915,アララギ
雜歌,斎藤茂吉,あらたま,1915,アララギ
野のなかの自づから深き赤土ぞこに春さりくれど霜をむすぶに,斎藤茂吉,あらたま,1915,アララギ
日のひかりの隈なきに眠る豚ひとつまなこをひらく寂しとぞいはむ,斎藤茂吉,あらたま,1915,アララギ
しづかなる冬木のなかのゆづり葉のにほふ厚葉に紅のかなしさ,斎藤茂吉,あらたま,1915,アララギ
汗たらし朝坂のぼる荷ぐるまの轍おもひきり霜柱つぶす,斎藤茂吉,あらたま,1915,アララギ
けむりのぼる砲工廠の土手のへに薄はしろく枯れにけるかも,斎藤茂吉,あらたま,1915,アララギ
あが母の吾を生ましけむうらわかきかなしきカおもはざらめや　大悲二首,斎藤茂吉,あらたま,1915,アララギ
ははそはの母をおもへば假初に生れこしわれと豈おもはめや,斎藤茂吉,あらたま,1915,アララギ
水のへにかぎろひの立つ春の日の君が心づまいよよ淸しく　新婚賀三首,斎藤茂吉,あらたま,1915,アララギ
あわ雪のながれふる夜のさ夜ふけてつま問ふ君を我は嬉しむ,斎藤茂吉,あらたま,1915,アララギ
きぞの夜に足らひ降りけむ春の雪つまが手とりてその雪ふます,斎藤茂吉,あらたま,1915,アララギ
いばらきの大津みなとに篝火たき泊てたる舟にをさなごのこゑ,斎藤茂吉,あらたま,1915,アララギ
幾朝か軍器工廠の境内に霜しろきを見つつ我は來にけむ,斎藤茂吉,あらたま,1915,アララギ
富坂を橫にくぐりて溝のみづ砲工廠に入りにけるかも,斎藤茂吉,あらたま,1915,アララギ
機關銃の音のするどき境内をのびあがり見れば土手ふくれ見ゆ,斎藤茂吉,あらたま,1915,アララギ
,斎藤茂吉,あらたま,1915,アララギ
朝,斎藤茂吉,あらたま,1915,アララギ
ほからほからとひかりあかるき朝の小床に眼をあきて居りにけり,斎藤茂吉,あらたま,1915,アララギ
きぞの夜の戸閉わすれて寢しより朝てる光のなかに寢てゐつ,斎藤茂吉,あらたま,1915,アララギ
ありのままねむり目ざめし室中の光たむろに飛ぶものもなし,斎藤茂吉,あらたま,1915,アララギ
ほそほそと女のこゑす我が室に誰か來るかとおもひけるかも,斎藤茂吉,あらたま,1915,アララギ
うつしみは誰も來ずけり頭より光かむりて眼あき居り,斎藤茂吉,あらたま,1915,アララギ
朝早く溜まる光にかがやきてえも言はれなき塵をどり居り,斎藤茂吉,あらたま,1915,アララギ
かうべを照らす朝日子のつくづくとうづの光に塵をどるみゆ,斎藤茂吉,あらたま,1915,アララギ
光には微塵をどりてとどまらず肉眼もちて見るべかりけり　四月作,斎藤茂吉,あらたま,1915,アララギ
,斎藤茂吉,あらたま,1915,アララギ
春雨,斎藤茂吉,あらたま,1915,アララギ
外面には雨のふる音かすかなりこころ靜かに二階をくだる,斎藤茂吉,あらたま,1915,アララギ
春雨は降りて幽けしこの夜半に家のかひ馬の目ざむる音す,斎藤茂吉,あらたま,1915,アララギ
春の夜の雨はふりつつ聞こえくる家の小馬の前搔のおと,斎藤茂吉,あらたま,1915,アララギ
しづかなる夜とおもふに現なる馬もかくゐて嚏るきこゆ,斎藤茂吉,あらたま,1915,アララギ
春雨の音のしながら幽かにてさ夜ふけと夜はふけにたるらし,斎藤茂吉,あらたま,1915,アララギ
春雨はくだちひそまる夜空より音かすかにて降りにけるかも,斎藤茂吉,あらたま,1915,アララギ
外面には春雨あはれに音しつつさ夜更れどもわれは寢なくに,斎藤茂吉,あらたま,1915,アララギ
かりそめの病といへど心ほそりさ夜ふけて馬のおとをこそきけ,斎藤茂吉,あらたま,1915,アララギ
日を經つつ心落ちゐぬ我ながら今夜しづかにすわりて居らな,斎藤茂吉,あらたま,1915,アララギ
この夜半に目ざめたる者のひとり居てむかうの室に咳けるかも,斎藤茂吉,あらたま,1915,アララギ
かかる夜半に獨言いふこゑきこゆ寢るに堪へざらむ狂者ひとりふたり,斎藤茂吉,あらたま,1915,アララギ
しづかなる夜半に心の澄み遊ぶいよよ痛きを人知るらむか,斎藤茂吉,あらたま,1915,アララギ
外面にはほそ春雨のふりやまずさ夜ふけてわれは目ざめゐにけり　四月作,斎藤茂吉,あらたま,1915,アララギ
,斎藤茂吉,あらたま,1915,アララギ
折にふれ,斎藤茂吉,あらたま,1915,アララギ
目のまへの電燈の球を見つめたり球ふるひつつ地震ゆりかへる,斎藤茂吉,あらたま,1915,アララギ
狂人のにほひたたよふ長廊下まなこみひらき我はあゆめる,斎藤茂吉,あらたま,1915,アララギ
夜の床に笑ひころげてゐる女わがとほれどもかかはりもなし,斎藤茂吉,あらたま,1915,アララギ
馬子ねむり馬は佇む六月の上富坂をつかれてくだる,斎藤茂吉,あらたま,1915,アララギ
たらたらと額より垂る汗ふきて大きいのちもつひに思はず　五月六月作,斎藤茂吉,あらたま,1915,アララギ
,斎藤茂吉,あらたま,1915,アララギ
雉子,斎藤茂吉,あらたま,1915,アララギ
おたまじやくしこんこんとして聚合れる曉森の水のべに立つ,斎藤茂吉,あらたま,1915,アララギ
宿直してさびしく醍めし目のもとに黑きかへるご寄りてうごかず,斎藤茂吉,あらたま,1915,アララギ
朝みづにかたまりひそむかへるごを搔きみたせども慰みかたし,斎藤茂吉,あらたま,1915,アララギ
こらへゐし我のまなこに淚たまる一つの息の朝雉のこゑ,斎藤茂吉,あらたま,1915,アララギ
朝森にかなしく徹る雉子のこゑ女の連をわれおもはざらむ,斎藤茂吉,あらたま,1915,アララギ
尊とかりけりこのよの曉に雉子ひといきに悔しみ啼けり,斎藤茂吉,あらたま,1915,アララギ
大戸よりいろ一樣の著物きてものぐるひの群外光にいづ,斎藤茂吉,あらたま,1915,アララギ
ひさびさにおのづからなる我がこころ呆けし女にものいひにけり　六月作,斎藤茂吉,あらたま,1915,アララギ
,斎藤茂吉,あらたま,1915,アララギ
寂しき夏,斎藤茂吉,あらたま,1915,アララギ
眞夏日のひかり澄み果てし淺茅原にそよぎの音のきこえけるかも,斎藤茂吉,あらたま,1915,アララギ
まかがよふ淺茅が原のふかき晝むかうの土に豚はねむりぬ,斎藤茂吉,あらたま,1915,アララギ
みじろがぬわれの體中は息づけり淺茅の原の眞晝まの照り,斎藤茂吉,あらたま,1915,アララギ
停電の街を步きて久しかり汗ふきをれば街の音さびし,斎藤茂吉,あらたま,1915,アララギ
墓地かげに機關銃のおとけたたましすなはち我は汁のみにけり　七月作,斎藤茂吉,あらたま,1915,アララギ
,斎藤茂吉,あらたま,1915,アララギ
漆の木,斎藤茂吉,あらたま,1915,アララギ
たらたらと漆の木より漆垂りものいふは憂き夏さりにけり,斎藤茂吉,あらたま,1915,アララギ
ぎばうしゆに愛しき小花むれ咲きて白日光に照され居たり,斎藤茂吉,あらたま,1915,アララギ
いそがしく夜の廻診ををはり來て狂人もりは蚊帳を吊るなり,斎藤茂吉,あらたま,1915,アララギ
のびのびと蚊帳なかに居てわが體すこし瘦せぬと獨語いへり,斎藤茂吉,あらたま,1915,アララギ
履のおと宿直室のまへ過ぎてとほくかすかになるを聞きつつ,斎藤茂吉,あらたま,1915,アララギ
ものぐるひの屍解剖の最中にて溜りかねたる汗おつるなり,斎藤茂吉,あらたま,1915,アララギ
うち默し狂者を解體する窓の外の面にひとりふたり麥刈る音す,斎藤茂吉,あらたま,1915,アララギ
狂人に親しみてより幾年か人見んは憂き夏さりにけり,斎藤茂吉,あらたま,1915,アララギ
しんとして直立厚葉ひかりたるあまりりすの鉢に油蟲のぼる,斎藤茂吉,あらたま,1915,アララギ
ぬけいでし太靑莖の莖の秀にふくれきりたる花あまりりす,斎藤茂吉,あらたま,1915,アララギ
あまりりす鉢の土より直立ちて厚葉かぐろくこの朝ひかる　七月作,斎藤茂吉,あらたま,1915,アララギ
,斎藤茂吉,あらたま,1915,アララギ
渚の火,斎藤茂吉,あらたま,1915,アララギ
まかがよふ眞夏なぎさに寄る波の遠白波の走るたまゆら,斎藤茂吉,あらたま,1915,アララギ
眞夏日の海のなぎさに燃えのぼる炎のひびき海人はかこめり,斎藤茂吉,あらたま,1915,アララギ
六人の漁師が圍みあたりをる眞晝渚の火立のなびき,斎藤茂吉,あらたま,1915,アララギ
くれなゐにひらめく火立を眞晝間の渚の砂に見らくし悲し,斎藤茂吉,あらたま,1915,アララギ
まかがよふ晝のなぎさに燃ゆる火の澄み透るまのいろの寂しさ,斎藤茂吉,あらたま,1915,アララギ
すき透り低く燃えたる濱の火にはだか童子は潮にぬれて來,斎藤茂吉,あらたま,1915,アララギ
旅を來て大津の濱に畫もゆる火炎のなびき見すぐしかねつ,斎藤茂吉,あらたま,1915,アララギ
いばらきの大津みなとの渚べをい行きもとほり一日わらはず　八月作,斎藤茂吉,あらたま,1915,アララギ
,斎藤茂吉,あらたま,1915,アララギ
海濱雜歌,斎藤茂吉,あらたま,1915,アララギ
腹あかき舟のならべる濱の照り妻もろともに疲れけるかも,斎藤茂吉,あらたま,1915,アララギ
みちのくの勿來へ入らむ山がひに梅干ふふむあれとあがつま,斎藤茂吉,あらたま,1915,アララギ
日燒畑いくつも越えて莖太のこんにやく畑にわれ入りにけり,斎藤茂吉,あらたま,1915,アララギ
うらわかき妻はかなしく砂畑の砂はあつしと言ひにけるかも,斎藤茂吉,あらたま,1915,アララギ
みちのくへあが嬬をやりて足引の山の赤土道あれ一人ゆく,斎藤茂吉,あらたま,1915,アララギ
みちのくに近き驛路日はくれて一夜ねむるとねむりぐすり飮む,斎藤茂吉,あらたま,1915,アララギ
平潟へちかづく道に汗は落つ捨身あんぎやの我ならなくに,斎藤茂吉,あらたま,1915,アララギ
いりうみの汐おちかかる曉方の舟の搖れこそあはれなりけれ,斎藤茂吉,あらたま,1915,アララギ
くもり日のくぼき砂畑に腰を延す女見にけり海のなかより,斎藤茂吉,あらたま,1915,アララギ
外海にそへる並木路ひたはしる郵便脚夫の體ちひさし,斎藤茂吉,あらたま,1915,アララギ
眉なかき漁師のこゑのふとぶとと泊てたる舟にものいひにけり,斎藤茂吉,あらたま,1915,アララギ
松並木の松ふとりつつ傾けり鉛のごとくうみ曇る見ゆ,斎藤茂吉,あらたま,1915,アララギ
いばらきの濱街道に眠りゐる洋傘うりを寂しくおもふ,斎藤茂吉,あらたま,1915,アララギ
隧道のなかに牛立つ日のくもりわれ疲れつつ來りけるかも　八月作,斎藤茂吉,あらたま,1915,アララギ
,斎藤茂吉,あらたま,1915,アララギ
雨後,斎藤茂吉,あらたま,1915,アララギ
あさまだき道玄坂をくだり來て橋をわたれりさかまけるみづ,斎藤茂吉,あらたま,1915,アララギ
朝川はにごりてながる榧の枝は濡れて垂れり水にとどかず,斎藤茂吉,あらたま,1915,アララギ
漩谷川うづまき流るたもとほりうづまく水を見れど飽かぬかも,斎藤茂吉,あらたま,1915,アララギ
家むかうの欅のうへにほびこりし雲は光りて雨ふらむとす,斎藤茂吉,あらたま,1915,アララギ
さ庭べに竝びて高き向日葵の花雷とどろきてふるひけるかも,斎藤茂吉,あらたま,1915,アララギ
雨はれて心すがしくなりにけり窓より見ゆる白木槿のはな,斎藤茂吉,あらたま,1915,アララギ
雨はれしのちの疊のうすじめり今とどまりし汽車立つきこゆ,斎藤茂吉,あらたま,1915,アララギ
雨はれしさ庭は暗し幽かにてこほろぎ鳴けば人もかなしき　七月作,斎藤茂吉,あらたま,1915,アララギ
,斎藤茂吉,あらたま,1915,アララギ
折々の歌,斎藤茂吉,あらたま,1915,アララギ
龜戸の普門院にて三年經し伊藤左千夫のおくつきどころ,斎藤茂吉,あらたま,1915,アララギ
先師三周忌三音,斎藤茂吉,あらたま,1915,アララギ
墓に來て水をかけたり近眼の大き面わの面影に立つ,斎藤茂吉,あらたま,1915,アララギ
水ぐさの圓葉の照りをあはれめり七月ひるのおくつきどころ,斎藤茂吉,あらたま,1915,アララギ
冬服をはじめて著たる日は寒く雨しとしとと降りつづきけり　石原純を迎ふ三首,斎藤茂吉,あらたま,1915,アララギ
とほく來し友をうれしみ秋さむき銀座の店に葡萄もちて食む,斎藤茂吉,あらたま,1915,アララギ
五番町に電車を降りて雨しぶく砂利路ゆけど寂しくもなし,斎藤茂吉,あらたま,1915,アララギ
みちのくのわぎへの里にうからやから新米たきて尊みて食む　舉祝歌二首,斎藤茂吉,あらたま,1915,アララギ
いやしかるみ民の我も髯そりてけふの生日をあふがざらめや　八月—十一日作,斎藤茂吉,あらたま,1915,アララギ
,斎藤茂吉,あらたま,1915,アララギ
冬の山「祖母」其のー,斎藤茂吉,あらたま,1915,アララギ
おのづからあらはれ迫る冬山にしぐれの雨の降りにけるかも,斎藤茂吉,あらたま,1915,アララギ
ものの行とどまらめやも山峽の杉のたいぼくの寒さのひびき,斎藤茂吉,あらたま,1915,アララギ
まなかひにあかはだかなる冬の山しぐれに濡れてちかづく吾を,斎藤茂吉,あらたま,1915,アララギ
いのちをはりて眼をとぢし祖母の足にかすかなる皹のさびしさ,斎藤茂吉,あらたま,1915,アララギ
命たえし祖母のかうべ剃りたまふ父を圍みしうからの目のなみだ,斎藤茂吉,あらたま,1915,アララギ
蠟の火のひかりに赤しおほははの棺のうへの太刀鞘のいろ,斎藤茂吉,あらたま,1915,アララギ
朝あけて父のかたはらに食す飯ゆ立つ白氣も寂しみて食す,斎藤茂吉,あらたま,1915,アララギ
さむざむと曉に起き麥飯をおしいただきて食ひにけり,斎藤茂吉,あらたま,1915,アララギ
ゐろりべにうれへとどまらぬ我がまなこ煙はかかるその渦けむり,斎藤茂吉,あらたま,1915,アララギ
あつぶすま堅きをかつぎねむる夜のしばしば覺めて悲し霜夜は,斎藤茂吉,あらたま,1915,アララギ
日の入のあわただしもよ洋燈つりて心がなしく納豆を食む,斎藤茂吉,あらたま,1915,アララギ
土のうへに霜いたく降り露なる玉菜はじけて人音もなし,斎藤茂吉,あらたま,1915,アララギ
おほははのつひの葬り火田の畔に蛼も鳴かぬ霜夜はふり火,斎藤茂吉,あらたま,1915,アララギ
終列車のぼりをはりて葬り火をまもる現身のしはぶきのおと,斎藤茂吉,あらたま,1915,アララギ
愁へつつ祖母はふる火の渦のしづまり行きて曉ちかからむ,斎藤茂吉,あらたま,1915,アララギ
ふゆの日の今日も暮れたりゐろりべに胡桃をつぶす獨語いひて,斎藤茂吉,あらたま,1915,アララギ
冬の日のかたむき早く櫟原こがらしのなかを鴉くだれり,斎藤茂吉,あらたま,1915,アララギ
ここに來て心いたいたしまなかひに迫れる山に雪つもる見ゆ,斎藤茂吉,あらたま,1915,アララギ
いただきは雪かもみだる眞日くれてはざまの村に人はねむりぬ,斎藤茂吉,あらたま,1915,アララギ
山がはのたぎちの響みとどまらぬわぎへの里に父老いにけり　十一月作,斎藤茂吉,あらたま,1915,アララギ
,斎藤茂吉,あらたま,1915,アララギ
こがらし「祖母」其の二,斎藤茂吉,あらたま,1915,アララギ
あしびきの山こがらしの行く寒さ鴉のこゑはいよよ遠しも,斎藤茂吉,あらたま,1915,アララギ
髙原にくたびれ居れば山脈は雪にひかりつつあらはれ見え來,斎藤茂吉,あらたま,1915,アララギ
はざまなる杉の大樹の下闇にゆふこがらしは葉おとしやまず,斎藤茂吉,あらたま,1915,アララギ
時雨ふる冬山かげの湯のけむり香に立ち來りねむりがたしも,斎藤茂吉,あらたま,1915,アララギ
あしびきの山のはざまに幽かなる馬うづまりて霧たちのほる,斎藤茂吉,あらたま,1915,アララギ
棺のまへに蠟の火をつぐ夜さむく一番どりは嗚きそめにけり,斎藤茂吉,あらたま,1915,アララギ
山形の市にひとむれてさやげどもまじはらむ心われもたなくに,斎藤茂吉,あらたま,1915,アララギ
むらぎもの心もしまし落ゐたり落葉のうへをを黑猫はしる,斎藤茂吉,あらたま,1915,アララギ
冬の山に近づく午後の日のひかり干栗の上に蠅ならびけり,斎藤茂吉,あらたま,1915,アララギ
ぢりぢりとゐろりに燃ゆる楢の樹の太根はつひにけむり擧げつも,斎藤茂吉,あらたま,1915,アララギ
おほははのつひの命にあはずして霜深き國に二夜ねむりぬ,斎藤茂吉,あらたま,1915,アララギ
せまりくる寒さに堪へて冬山の山ひだにいま陽の照るを見つ,斎藤茂吉,あらたま,1915,アララギ
きのこ汁くひつつおもふ祖母の乳房にすがりて我はねむりけむ,斎藤茂吉,あらたま,1915,アララギ
稚くてありし日のごと吊柿に陽はあはあはと差しゐれるかも,斎藤茂吉,あらたま,1915,アララギ
あら土の霜の解けゆくはあはれなり稚きときも我は見にしが,斎藤茂吉,あらたま,1915,アララギ
ふるさとに歸りてくれば庭隈の鋸屑の上にも霜ふりにけり,斎藤茂吉,あらたま,1915,アララギ
夕されば稲かり終へし田のおもに物の音こそなかりけるかも　十一月作,斎藤茂吉,あらたま,1915,アララギ
,斎藤茂吉,あらたま,1915,アララギ
道の霜「祖母」其の三,斎藤茂吉,あらたま,1915,アララギ
山峽にありのままなる道の霜きえゆくらむかこのしづけさに,斎藤茂吉,あらたま,1915,アララギ
つくづくとあかつきに踏む道の霜きぞのよるふかく降りにけるかな,斎藤茂吉,あらたま,1915,アララギ
山こえて山がひにゆく道の霜おのづからなる凝りの寒けさ,斎藤茂吉,あらたま,1915,アララギ
山がひのあかつきの道いそがねど霜照る坂をわれ越えにけり,斎藤茂吉,あらたま,1915,アララギ
たか原に澄みとほりたる湖をはるかに見つつ峽間に入らむ,斎藤茂吉,あらたま,1915,アララギ
あしびきの山よりいでてとどろける湯ずゑのけむりなづみて上らず,斎藤茂吉,あらたま,1915,アララギ
炭竈をのぞきて我はあかあかと照り透りたる炭木を見たり,斎藤茂吉,あらたま,1915,アララギ
炭がまに炎のぼらず見ゆるものけむりの渦のひまに見ゆるを,斎藤茂吉,あらたま,1915,アララギ
おほははのみ靈のまへに香つぎて稚兒なりし我をおもへり,斎藤茂吉,あらたま,1915,アララギ
この身はもかへらざらめやおほははを火炎に葬り七夜を經たり,斎藤茂吉,あらたま,1915,アララギ
みやこべにおきて來りし受持の狂者おもへば心いそぐも　十二月作,斎藤茂吉,あらたま,1915,アララギ
,斎藤茂吉,あらたま,,アララギ
大正五年,斎藤茂吉,あらたま,1916,アララギ
夜の雪,斎藤茂吉,あらたま,1916,アララギ
街かげの原にこほれる夜の雪ふみゆく我の咳ひびきけり,斎藤茂吉,あらたま,1916,アララギ
夜ふけてこの原とほること多しこよひは雪もこほりけるかも,斎藤茂吉,あらたま,1916,アララギ
原のうへに降りて冴えたる雪を吹く夜かせの寒さ居るものもなし,斎藤茂吉,あらたま,1916,アララギ
さ夜なかと夜はふけにけり冴えこほる雪吹く風のおとの寂しさ,斎藤茂吉,あらたま,1916,アララギ
こほりたる泥のうへ行くわがあゆみ風邪のなごりの身にしひびけり,斎藤茂吉,あらたま,1916,アララギ
夜の最中すでに過ぎたりけたたまし軍雞の濁ごゑをひとり聞き居り,斎藤茂吉,あらたま,1916,アララギ
さむぎむと寢むとおもへど一しきり夜のくだかけの長啼くを聽く,斎藤茂吉,あらたま,1916,アララギ
夜ふかし寢つかれなくに來しかたのかなしき心よみがへり來も,斎藤茂吉,あらたま,1916,アララギ
,斎藤茂吉,あらたま,1916,アララギ
雜歌,斎藤茂吉,あらたま,1916,アララギ
三宅坂をわれはくだれり嘶かぬ裸馬もひとつ寂しくくだる,斎藤茂吉,あらたま,1916,アララギ
藥罐よりたぎる湯をつぎいくたびも我は飮み居り咽かわくゆゑに,斎藤茂吉,あらたま,1916,アララギ
ひよろ高き外人ひとり時のまに我を追ひ越す口笛ふきつつ,斎藤茂吉,あらたま,1916,アララギ
あわただしく夜の廻診ををはり來て獨り嚏るも寂しくおもふ,斎藤茂吉,あらたま,1916,アララギ
冬の日は照り天傳ふひたぶるに坂のぼる黑馬の汗のちるかも,斎藤茂吉,あらたま,1916,アララギ
まれまれに衢もとほる目にし染むいかなればかもひとのかなしき,斎藤茂吉,あらたま,1916,アララギ
きさらぎの三月にむかふ空きよし銀座つむじに塵たちのぼる,斎藤茂吉,あらたま,1916,アララギ
よるおそく家にかへりてひれ寒し何か食ひたくおもひてねむる,斎藤茂吉,あらたま,1916,アララギ
,斎藤茂吉,あらたま,1916,アララギ
長塚節一周忌,斎藤茂吉,あらたま,1916,アララギ
うつうつと眠りにしづみ醒めしときかい細る身の辛痛かりけむ,斎藤茂吉,あらたま,1916,アララギ
しらぬひの筑紫のはまの夜さむく命かなしとしはぶきにけむ,斎藤茂吉,あらたま,1916,アララギ
あつまりて酒は飮むとも悲しかる生のながれを思はざらむや,斎藤茂吉,あらたま,1916,アララギ
つくづくと憂にこもる人あらむこのきさらぎの白梅のはな,斎藤茂吉,あらたま,1916,アララギ
君が息たえて筑紫に燒かれしと聞きけむ去年のこよひおもほゆ,斎藤茂吉,あらたま,1916,アララギ
,斎藤茂吉,あらたま,1916,アララギ
春泥,斎藤茂吉,あらたま,1916,アララギ
きさらぎのちまたの泥におもおもと石灰ぐるま行くさへさびし,斎藤茂吉,あらたま,1916,アララギ
步兵隊泥ふみすすむ整步のつらなめて踏む足なみの音,斎藤茂吉,あらたま,1916,アララギ
きさらぎの雪消の泥のただよへる街の十字に人つどひけり,斎藤茂吉,あらたま,1916,アララギ
あからひく晝の光のさしながら衢の泥に見ゆる足あと,斎藤茂吉,あらたま,1916,アララギ
馬ひとつ走りひびきて來るまの墓石店まへに泥はねかへる,斎藤茂吉,あらたま,1916,アララギ
市路には泥をあつむる人をりて腰を延したりわれはなげくも,斎藤茂吉,あらたま,1916,アララギ
泥たたよふ十字に電車とまれどもしきりて去るに感ずるさびしさ,斎藤茂吉,あらたま,1916,アララギ
きさらぎのちまたの泥に佇立める馬の兩眼はまたたきにけり,斎藤茂吉,あらたま,1916,アララギ
,斎藤茂吉,あらたま,1916,アララギ
寂土,斎藤茂吉,あらたま,1916,アララギ
小野の土にかぎろひ立てり眞日あかく天づれふこそ寂しかりけれ,斎藤茂吉,あらたま,1916,アララギ
うつしみは悲しきものか一つ樹をひたに寂しく思ひけるかも,斎藤茂吉,あらたま,1916,アララギ
人ごみのなかに入りつつ暫しくは眼を閉ぢむこのしづかさや,斎藤茂吉,あらたま,1916,アララギ
寂しかる命にむかふ土の香の生は無しとぞ我は思はなくに,斎藤茂吉,あらたま,1916,アララギ
あなあはれ寂しき人ゐ淺草のくらき小路にマッチ擦りたり,斎藤茂吉,あらたま,1916,アララギ
現身は現身ゆゑにこころの痛からむ朝けより降れるこの春雨や,斎藤茂吉,あらたま,1916,アララギ
途中にて電車をくだるひしひしと遣らふ方なき懺悔をもちて,斎藤茂吉,あらたま,1916,アララギ
うつつなるほろびの迅さひとたびは目ざめし鶏もねむりたるらむ,斎藤茂吉,あらたま,1916,アララギ
,斎藤茂吉,あらたま,1916,アララギ
折々の歌,斎藤茂吉,あらたま,1916,アララギ
むらむらと練兵場を吹きあけし冬朝風のなこりを見居り,斎藤茂吉,あらたま,1916,アララギ
きぞの夜にこほりしままの流泥わか晝ゆゑに解けがてぬかも,斎藤茂吉,あらたま,1916,アララギ
電車のぼる坂のまがりにつくづくと立坊ならぶ日輪に向きて,斎藤茂吉,あらたま,1916,アララギ
うつしみの家居を燒くととどろきて走る炎に家は燒けけり,斎藤茂吉,あらたま,1916,アララギ
胸さやぎ今朝とどまらず水もちて阿片丸を呑みこみにけり,斎藤茂吉,あらたま,1916,アララギ
ふゆさむき瘋癲院の湯あみどに病者ならびて洗はれにけり,斎藤茂吉,あらたま,1916,アララギ
霜いたく降れる朝けの庭こえてなにか怒れる狂人のこゑ,斎藤茂吉,あらたま,1916,アララギ
けふもまた病室に來てうらわかき狂ひをみなにものをこそ言へ,斎藤茂吉,あらたま,1916,アララギ
曉にはや近からし目の下につくづくと狂者のいのち終る,斎藤茂吉,あらたま,1916,アララギ
呆けゆきてここは生命の果てどころ死行くをまもる我し寒しも,斎藤茂吉,あらたま,1916,アララギ
ことなくていま暮れかかる二月の夕はぬるし墓いでにけり,斎藤茂吉,あらたま,1916,アララギ
あまぐもの雷ひくし夜の土にはだらにたまる雪を目守らむ,斎藤茂吉,あらたま,1916,アララギ
ひたぶるにいかづち渡る夜空よりしらじらと雪ながれ來にけり,斎藤茂吉,あらたま,1916,アララギ
ぬば玉の暗き夜ひかりゆく雷の音とほそきて雪つもりけり,斎藤茂吉,あらたま,1916,アララギ
,斎藤茂吉,あらたま,1916,アララギ
體膚懈怠,斎藤茂吉,あらたま,1916,アララギ
ひるながら七日に一日ねむらむと晝の小床につかれつつ居り,斎藤茂吉,あらたま,1916,アララギ
ひそまりてけふは眠らむおのづから眠り足らはば起ちてゆかむか,斎藤茂吉,あらたま,1916,アララギ
晝床に眼ひらけばあかあかと玻璃戸のそとを日のわたる見ゆ,斎藤茂吉,あらたま,1916,アララギ
晝床にほのりほのりとゐる我の出で入る息のおとの幽けさ,斎藤茂吉,あらたま,1916,アララギ
わくらはの眠り戀しとあかねさす晝の小床に目をつむりけり,斎藤茂吉,あらたま,1916,アララギ
晝眠りありかたしとて眠らむか聞えくる音もかりそめならず,斎藤茂吉,あらたま,1916,アララギ
晝ごもり獨りし寐れど悲しもよ夢を視ゐもよもの殺すゆめ,斎藤茂吉,あらたま,1916,アララギ
畫床に電車くだかけうつし身の笑ふもきこゆ我が晝床に,斎藤茂吉,あらたま,1916,アララギ
,斎藤茂吉,あらたま,1916,アララギ
雨蛙,斎藤茂吉,あらたま,1916,アララギ
あまがへる鳴きこそいづれ照りとほる五月の小野の靑きなかより,斎藤茂吉,あらたま,1916,アララギ
かいかいと五月靑野に鳴きいづる晝蛙こそあはれなりしか,斎藤茂吉,あらたま,1916,アララギ
五月野の靑きにほひの照るひまや歎けば人ぞ幽かなりける,斎藤茂吉,あらたま,1916,アララギ
五月野の草のなみだちしづまりて光照りしがあまがへる嗚く,斎藤茂吉,あらたま,1916,アララギ
五月の陽てれる草野にうらがなし靑蛙ひとつ嗚きいでにけり,斎藤茂吉,あらたま,1916,アララギ
さつき野の草のひかりに鳴く蛙こころがなしく空にひびけり,斎藤茂吉,あらたま,1916,アララギ
靑がへるひかりのなかになくこゑのひびき徹りて草野かなしき,斎藤茂吉,あらたま,1916,アララギ
あをあをと五月の眞日の照りかへる草野たまゆら蛙音にいづ,斎藤茂吉,あらたま,1916,アララギ
,斎藤茂吉,あらたま,1916,アララギ
五月野,斎藤茂吉,あらたま,1916,アララギ
五月野の淺茅をてらす日のひかり人こそ見えね靑がへる鳴く,斎藤茂吉,あらたま,1916,アララギ
行きずりに聞くとふものか五月野の靑がへるこそかなしかりけれ,斎藤茂吉,あらたま,1916,アララギ
さびしさに堪ふるといはばたはやすし命みじかし靑がへるのこゑ,斎藤茂吉,あらたま,1916,アララギ
晝の野にこもりて鳴ける靑蛙ほがらにとほるこゑのさびしさ,斎藤茂吉,あらたま,1916,アララギ
靑がへる日光のふる畫の野にほがらに鳴けばましてかなしき,斎藤茂吉,あらたま,1916,アララギ
くやしさに人なげくとき野の靑さあまがへるこそ鳴きやみにけれ,斎藤茂吉,あらたま,1916,アララギ
眞日すみて天づたふとき五月野の動きて靑しかへる音にいづ,斎藤茂吉,あらたま,1916,アララギ
命あるものの悲しき真^間の五月の草に雨蛀鳴く,斎藤茂吉,あらたま,1916,アララギ
,斎藤茂吉,あらたま,1916,アララギ
初夏,斎藤茂吉,あらたま,1916,アララギ
梅の木かげのかわける砂に蟻地獄こもるも寂し夏さりにけり,斎藤茂吉,あらたま,1916,アララギ
夕疾風けむりをあぐる原とほく車を挽きて兵かへる見ゆ,斎藤茂吉,あらたま,1916,アララギ
宵はやく新宿どほり步き來て蝦墓のあぶらを買ひて持ちたり,斎藤茂吉,あらたま,1916,アララギ
一夜ふりし雨はれにつつ橡の樹の若葉もろなびく朝風ぞ吹く,斎藤茂吉,あらたま,1916,アララギ
ゆふされば相撲勝負の揭示札ひもじくて見る初夏のちまたに,斎藤茂吉,あらたま,1916,アララギ
人だかりの中にさびしく我きたり相撲の勝負まもりつつ居り,斎藤茂吉,あらたま,1916,アララギ
夜おそく電車のなかに兵ひとりしづかに居るは何かさびしき,斎藤茂吉,あらたま,1916,アララギ
雨あとのいちごの花の幽かにて咲けるを見れば心なごむも,斎藤茂吉,あらたま,1916,アララギ
,斎藤茂吉,あらたま,1916,アララギ
深夜,斎藤茂吉,あらたま,1916,アララギ
垢づきし瘋癲學に面よせてしましく讀めば夜ぞふけにける,斎藤茂吉,あらたま,1916,アララギ
煙草のけむり咽に吸ひこみ字書の面つくづくと見る我をおもへよ,斎藤茂吉,あらたま,1916,アララギ
墓原にひびきし銃の音たえて電燈のもとに夜ぞふけにける,斎藤茂吉,あらたま,1916,アララギ
階下には女中ねむりぬ階上にわれは書物を片付けて居り,斎藤茂吉,あらたま,1916,アララギ
電燈を消せば直くらし蠅ひとつひたぶる飛べる音を聞きける,斎藤茂吉,あらたま,1916,アララギ
しんしんと夜は暗し蠅の飛びめぐる音のたえまのしづけさあはれ,斎藤茂吉,あらたま,1916,アララギ
夜は暗し寢てをる我の顏のべを飛びて遠そく蠅の寂しさ,斎藤茂吉,あらたま,1916,アララギ
汗いでてなほ目ざめゐる夜は暗しうつつは深し蠅の飛ぶおと,斎藤茂吉,あらたま,1916,アララギ
ひたぶるに暗黑を飛ぶ蠅ひとつ障子にあたる音ぞきこゆる,斎藤茂吉,あらたま,1916,アララギ
部屋なかの闇を飛ぶ蠅かすかなる戸漏る光にむかひて飛びつ,斎藤茂吉,あらたま,1916,アララギ
"*ニイチエは—""Die Welt ist tief""と謂へり。",斎藤茂吉,あらたま,1916,アララギ
,斎藤茂吉,あらたま,1916,アララギ
暗綠林,斎藤茂吉,あらたま,1916,アララギ
さやぎつつ鴉のむれのかくろへる暗綠の森をわれは見て立つ,斎藤茂吉,あらたま,1916,アララギ
うれひつつひとり來りし野のはての暗綠林に近づく群鳥,斎藤茂吉,あらたま,1916,アララギ
かぜむかふ欅太樹の日てり葉の靑きうづだちしまし見て居り,斎藤茂吉,あらたま,1916,アララギ
眞日あかく傾きにけり一つ樹のもとに佇ずむ徒步兵ひとり,斎藤茂吉,あらたま,1916,アララギ
風はやし橡の高樹のをさな葉のもろむきなびき鴉ちかづく,斎藤茂吉,あらたま,1916,アララギ
くもり日の晝も過ぎたるすかんぽの穗のくれなゐにこころなげけり,斎藤茂吉,あらたま,1916,アララギ
おもおもと空の曇れる晝すぎて岡のぼりつめ心しづけし,斎藤茂吉,あらたま,1916,アララギ
みちのくの我家の里ゆおくり來し蕨を沾でてけふも食ひけり,斎藤茂吉,あらたま,1916,アララギ
,斎藤茂吉,あらたま,1916,アララギ
蠅,斎藤茂吉,あらたま,1916,アララギ
ひた走る電車のなかを飛ぶ蠅のおとの寂しさしぶくさみたれ,斎藤茂吉,あらたま,1916,アララギ
晝すぎて電車のなかの梅雨いきれ人うつり飛ぶ蠅の大きさ,斎藤茂吉,あらたま,1916,アララギ
おほほしくさみたれ降るに坂のぼる電車の玻璃に蠅とまりけり,斎藤茂吉,あらたま,1916,アララギ
ひたはしる電車のなかにむらぎもの心は空し蠅の飛ぶおと,斎藤茂吉,あらたま,1916,アララギ
狂院をはやくまかりて我が乘れる午後の電車のひびきてはしる,斎藤茂吉,あらたま,1916,アララギ
,斎藤茂吉,あらたま,1916,アララギ
蜩,斎藤茂吉,あらたま,1916,アララギ
橡の樹も今くれかかる曇日の七月八日ひぐらしは鳴く,斎藤茂吉,あらたま,1916,アララギ
狂院に宿りに來つつうつうつと汗かきをれば蜩鳴けり,斎藤茂吉,あらたま,1916,アララギ
いささかの爲事を終へてこころよし夕餉の蕎麥をあつらへにけり,斎藤茂吉,あらたま,1916,アララギ
土曜日の宿直のこころ獨りゐて煙草をもはら吸へるひととき,斎藤茂吉,あらたま,1916,アララギ
蜩はーとき嗚けり去年ここに聞きけむがごとこゑのかなしき,斎藤茂吉,あらたま,1916,アララギ
卓の下に蚊遣の香を焚きながら人ねむらせむ處方書きたり,斎藤茂吉,あらたま,1916,アララギ
こし方のことをおもひてむらぎもの心騷げどつひに空しき,斎藤茂吉,あらたま,1916,アララギ
ひぐらしはひとつ鳴きしが空も地も暗くなりつつ二たびは鳴かず,斎藤茂吉,あらたま,1916,アララギ
,斎藤茂吉,あらたま,1916,アララギ
折にふれ,斎藤茂吉,あらたま,1916,アララギ
苦しさに叫びあげけむ故人の古りたる寫眞けふ見つるかも　子規忌一首,斎藤茂吉,あらたま,1916,アララギ
眞夏日のけふをつどへる九人つつましくして君をおもへり　左千夫忌四首,斎藤茂吉,あらたま,1916,アララギ
肉太の君の寫眞を目守るとき汗はしとどに出でゐたりけり,斎藤茂吉,あらたま,1916,アララギ
君が愛でし牛の寫眞のいろ褪せて久しくなりぬこのはだら牛,斎藤茂吉,あらたま,1916,アララギ
アララギは寂しけれども守るもの身に病なしうれしとおぼせ,斎藤茂吉,あらたま,1916,アララギ
,斎藤茂吉,あらたま,1916,アララギ
故鄕。瀨上。吾妻山,斎藤茂吉,あらたま,1916,アララギ
ふる鄕に入らむとしつつあかときの板谷峠にみづをのむかな,斎藤茂吉,あらたま,1916,アララギ
みちのくの父にささげむと遙々と藥まもりて我は來にけり,斎藤茂吉,あらたま,1916,アララギ
老いたまふ父のかたはらにめざめたり朝蜩のむらがれるこゑ,斎藤茂吉,あらたま,1916,アララギ
けふ一日我をたより來し村びとの病癒ゆがに藥もりたり,斎藤茂吉,あらたま,1916,アララギ
額よりながれし汗に日に燒けし結城哀草果はわが側に居り,斎藤茂吉,あらたま,1916,アララギ
うらがなしき朝蟬のこゑの透れるをわぎへのさとに聞きにけるかも,斎藤茂吉,あらたま,1916,アララギ
ふるさとの藏の白かべに鳴きそめし蟬も身に沁む晚夏のひかり,斎藤茂吉,あらたま,1916,アララギ
朝じめる瀨上の道をあるき來てあやめの花をかなしみにけり,斎藤茂吉,あらたま,1916,アララギ
山こえて二夜ねむりし瀨上の合歡花のあはれをこの朝つげむ,斎藤茂吉,あらたま,1916,アララギ
霧こむる吾妻やまはらの硫黃湯に門間春雄とこもりゐにけり,斎藤茂吉,あらたま,1916,アララギ
あまつかぜ吹きのまにまに山上の薄なびきて雨はれんとす,斎藤茂吉,あらたま,1916,アララギ
五日ふりし雨はるるらし山腹に迫りながるる吾妻のさ霧,斎藤茂吉,あらたま,1916,アララギ
現身の聲あぐるときたたなはる岩代のかたに山反響すも,斎藤茂吉,あらたま,1916,アララギ
山がひにおきな一人ゐ山刀おひて吾妻の山をみちびきのぼる,斎藤茂吉,あらたま,1916,アララギ
梅干をふふみて見居り山腹におしてせまれる白雲ぞ疾き,斎藤茂吉,あらたま,1916,アララギ
うごきくるさ霧のひまにあしびきの深やま鴉なづみて飛ばず,斎藤茂吉,あらたま,1916,アララギ
おきふせる目下むらやま天つ日の照りてかげろふ時のまを見つ,斎藤茂吉,あらたま,1916,アララギ
あづまねのみねの石はら眞日てれるけだもの糞に蠅ひとつをり,斎藤茂吉,あらたま,1916,アララギ
あづまやまの谿あひくだる硫黃ふく南疾風にむかひてくだる,斎藤茂吉,あらたま,1916,アララギ
いましめて峽をめぐれりまながひのあかはだかなる山に陽の照る,斎藤茂吉,あらたま,1916,アララギ
くたびれて息づき居ればはるばると硫黃を負ひて馬くだるなり,斎藤茂吉,あらたま,1916,アララギ
吾妻峰を狹霧にぬれて登るときつがの木立の枯れしを見たり,斎藤茂吉,あらたま,1916,アララギ
火口よりとほぞきしときあかあかと鋭き山はあらはれにけり,斎藤茂吉,あらたま,1916,アララギ
山をおほひて湧き立つさ霧にわが眼鏡しばしば曇るをぬぐひつつゆく,斎藤茂吉,あらたま,1916,アララギ
吾妻山くだりくだりて聞きつるはふもとの森のひぐらしのこゑ,斎藤茂吉,あらたま,1916,アララギ
雨はげしきに山をくだれり虻が來て我が傘に幾つもひそむなり,斎藤茂吉,あらたま,1916,アララギ
,斎藤茂吉,あらたま,1916,アララギ
寒土,斎藤茂吉,あらたま,1916,アララギ
さけさめて夜半に步めばけたたまし我を追ひ越す電車のともしび,斎藤茂吉,あらたま,1916,アララギ
この日ごろ心は寂しい往くみちかへらふ道のかせは寒しも,斎藤茂吉,あらたま,1916,アララギ
夜おそくひとりし來ればちまた路は氷に乾きたりわれのしはぶき,斎藤茂吉,あらたま,1916,アララギ
よるふけて火事を報ずるひとひとり黑外套をまとひて行けり,斎藤茂吉,あらたま,1916,アララギ
冬さむきちまたの夜はふけにけり人まれに行くおもき靴音,斎藤茂吉,あらたま,1916,アララギ
土ふかくなかるる水のこもり音聞すましつつ夜半に立つかも,斎藤茂吉,あらたま,1916,アララギ
ふゆの夜は冴えふけにけりちまた路の底ひゆひびく水のさびしさ,斎藤茂吉,あらたま,1916,アララギ
さ夜なかに地下水道の音きけば行きとどまらぬさびしさのおと,斎藤茂吉,あらたま,1916,アララギ
この夜半にわれにかなしき土のみづつきつめてわれ物思はざらむ,斎藤茂吉,あらたま,1916,アララギ
音にぶき太鼓をうちて遠火事をふれゆく人にとほりすがへり,斎藤茂吉,あらたま,1916,アララギ
かかる夜にひと怨みむは悲しかりいたき心をひとりまもらむ,斎藤茂吉,あらたま,1916,アララギ
,斎藤茂吉,あらたま,,アララギ
大正六年,斎藤茂吉,あらたま,1917,アララギ
節忌,斎藤茂吉,あらたま,1917,アララギ
二月八日、長塚節三周忌歌會をひらく。會者、百穗、赤彦、千樫、文明、迢空、重、今衞、茂吉等。夜ふけて會はてつ。百穗千樫と三たり靑山どほりを步きてかへる。,斎藤茂吉,あらたま,1917,アララギ
おもかげに立ちくる君も今日今夜おぼろなるかなや時ゆくらむか,斎藤茂吉,あらたま,1917,アララギ
心づまの寫眞を祕めてきさらぎのあかつきがたに死にし君はや,斎藤茂吉,あらたま,1917,アララギ
おもかげに立ちくる君や辛痛しとつひに言ひけむか寒き濱べに,斎藤茂吉,あらたま,1917,アララギ
まをとめをかなしといひて風さむき筑紫の濱に君死しにけり,斎藤茂吉,あらたま,1917,アララギ
こころ凝りていのち生きむと山川を海洋をこえて行きし君はや,斎藤茂吉,あらたま,1917,アララギ
まながひに立ちくる君がおもかげのたまゆらにして消ゆる寂しさ,斎藤茂吉,あらたま,1917,アララギ
山かはのこもりてとよむながれにもかなしきいのち君まもりけむ,斎藤茂吉,あらたま,1917,アララギ
山がひのうつろふ木々のそよぎにも淸し光を君見けむもの,斎藤茂吉,あらたま,1917,アララギ
生きたしとむさぼり思ふな天つ日の落ちなむときに草を染むるを,斎藤茂吉,あらたま,1917,アララギ
しらぬひ筑紫を戀ひて行きしかど濱風さむみ咽に沁みけむ,斎藤茂吉,あらたま,1917,アララギ
息たえて炎に燒けしものながらまもりて歸る汽車のとどろき,斎藤茂吉,あらたま,1917,アララギ
赤き火に燒けのこりたる君の骨はるばる歸る父母の國に,斎藤茂吉,あらたま,1917,アララギ
君の骨箱にはひりて鳥がなく東のくにに埋められにけり,斎藤茂吉,あらたま,1917,アララギ
まなかひに立ちくる君のおもかけの眼つぶらなる現身にあはれ,斎藤茂吉,あらたま,1917,アララギ
息ありてのこれる我等けふつどひ君かかなしきいのち偲びつ,斎藤茂吉,あらたま,1917,アララギ
夜おそく靑山どほりかへり來て解熱のくすり買ふも寂しき,斎藤茂吉,あらたま,1917,アララギ
,斎藤茂吉,あらたま,1917,アララギ
赤彦に酬ゆ,斎藤茂吉,あらたま,1917,アララギ
なまけつつ居りと思ふな明暮をい往き還らひその夜ねむるに,斎藤茂吉,あらたま,1917,アララギ
悲しさを歌ひあげむと思へども茂太を見ればこころ和むに,斎藤茂吉,あらたま,1917,アララギ
昨の夜もねむり足はず戸をあけて霜の白きにおどろきにけり,斎藤茂吉,あらたま,1917,アララギ
無沙汰してかなしけれども落ちゐざるこころをもちてけふも暮るるを,斎藤茂吉,あらたま,1917,アララギ
よるふけて雞なくにいまだ寢ず電車のおともなくなりにけり,斎藤茂吉,あらたま,1917,アララギ
いとまあるわれとおもふないちじろく幽かに人の死にゆくを見つ,斎藤茂吉,あらたま,1917,アララギ
あつぶすまかつぎてぬれどわがこころ疲れやしけむねむりがたしも,斎藤茂吉,あらたま,1917,アララギ
なりはひのしげく生くればあはれなる歌なかりけりとがむるなゆめ,斎藤茂吉,あらたま,1917,アララギ
,斎藤茂吉,あらたま,1917,アララギ
蹄のあと,斎藤茂吉,あらたま,1917,アララギ
もの戀しく電車を待てり塵あげて吹きとほる風のいたく寒しも,斎藤茂吉,あらたま,1917,アララギ
をさなごを心にもちて歸りくる初冬のちまた夕さりにけり,斎藤茂吉,あらたま,1917,アララギ
かわききりたる直士に氷に凝るひとむら雪ををさなごも見よ,斎藤茂吉,あらたま,1917,アララギ
秩父かぜおろしてきたる街上を牛とほり居り見すぐしがたし,斎藤茂吉,あらたま,1917,アララギ
この日ごろ人を厭へりをさなごの頭を見ればこころゆらぐを,斎藤茂吉,あらたま,1917,アララギ
七とせの勤務をやめて街ゆかず獨りこもれば晝さへねむし,斎藤茂吉,あらたま,1917,アララギ
ひさびさに外にいづれば泥こほり蹄のあとも心ひきたり,斎藤茂吉,あらたま,1917,アララギ
をさなごの頰の凍風をあはれみてまた見にぞ來しをさな兩頰,斎藤茂吉,あらたま,1917,アララギ
,斎藤茂吉,あらたま,1917,アララギ
友に,斎藤茂吉,あらたま,1917,アララギ
おこたりて百日あけくれ微かなる儚きこともありと告げなむ,斎藤茂吉,あらたま,1917,アララギ
ひさびさにちまたを行けば塵風の立ちのぼるさへいたいたしかり,斎藤茂吉,あらたま,1917,アララギ
告げやらむ事はありとも食む飯の二食にて足らふこの日頃かなや,斎藤茂吉,あらたま,1917,アララギ
墓原をもとほり見れどものこほしものこほしとふ心にあらず,斎藤茂吉,あらたま,1917,アララギ
をみなさへ孩兒さへや春陽のわたるを見つつ目はかがやくに,斎藤茂吉,あらたま,1917,アララギ
ほそりつつ心ふるふらしこの日ごろ人の來るをおそれてこもる,斎藤茂吉,あらたま,1917,アララギ
うちみ競ふ心もわかず祕かなるかなしみごともなくなりにけり,斎藤茂吉,あらたま,1917,アララギ
街にいでて酒にゑへども何なれや水撒ぐるまにもをののくこのごろ,斎藤茂吉,あらたま,1917,アララギ
,斎藤茂吉,あらたま,1917,アララギ
春光,斎藤茂吉,あらたま,1917,アララギ
春の陽は空よりわたるひとりゐて心寂しめばくらきがごとし,斎藤茂吉,あらたま,1917,アララギ
むらぎものゆらぎ怺へてあたたかき飯食みにけりものもいはなく,斎藤茂吉,あらたま,1917,アララギ
ひむがしの空よりつたふ春の日の白き光にも馴れし寂しさ,斎藤茂吉,あらたま,1917,アララギ
おのづからねむりもよほすひるごもり障子のやれに風ふきひびく,斎藤茂吉,あらたま,1917,アララギ
光る日の嚴くしさにも馴れくれば疑はずけり春の日のぼる,斎藤茂吉,あらたま,1917,アララギ
あらはれむことは悲しもたまきはるいのちのうちに我はいふべし,斎藤茂吉,あらたま,1917,アララギ
萱草を見ればうつくしはつはつに芽ぐみそめたるこの小草あはれ,斎藤茂吉,あらたま,1917,アララギ
,斎藤茂吉,あらたま,1917,アララギ
,斎藤茂吉,あらたま,1917,アララギ
をさなごは眠りてゐたりしまらくはねむれとおもふわがひたごころ,斎藤茂吉,あらたま,1917,アララギ
三月三十日,斎藤茂吉,あらたま,1917,アララギ
もの戀しく家をいでたりしづかなるけふ朝空のひむがし曇る,斎藤茂吉,あらたま,1917,アララギ
赤坂の見付を行きつ目のまへに森こそせまれゆらぐ朝森,斎藤茂吉,あらたま,1917,アララギ
馬なめてとどろとゆかす大王の御行をまもるのびあがりつつ,斎藤茂吉,あらたま,1917,アララギ
病む友の枕べに來ぬよみがへるいきどほろしき心にあらす,斎藤茂吉,あらたま,1917,アララギ
このゆふべ砲工廠のひとすみにくれなゐの旗ひるがへるなり,斎藤茂吉,あらたま,1917,アララギ
,斎藤茂吉,あらたま,1917,アララギ
獨居,斎藤茂吉,あらたま,1917,アララギ
腹ばひになりてもの書く癖つきしこの日ごろわれに人な來りそ,斎藤茂吉,あらたま,1917,アララギ
つくづくと百日こもればいきどほる心も今は起らざるらし,斎藤茂吉,あらたま,1917,アララギ
をさなごの頭を見ればことわりに爭ひかねてかなしかりけり,斎藤茂吉,あらたま,1917,アララギ
七とせの勤務をやめて獨居るわれのこころに嶮しさもなし,斎藤茂吉,あらたま,1917,アララギ
こがらしの吹く音きこゆ兒を守りて寒き衢にわれ行かざらむ,斎藤茂吉,あらたま,1917,アララギ
おのづから顱頂禿げくる寂しさも君に告げなく明けくれにけり,斎藤茂吉,あらたま,1917,アララギ
けふ一日煙草をのまず尊かることせしごとくまなこつぶりぬ,斎藤茂吉,あらたま,1917,アララギ
この日頃ひとり籠りゐ食む飯も二食となりて足らふ寂しさ,斎藤茂吉,あらたま,1917,アララギ
ひろはらの塵をあげくる寒き風玻璃窓に吹きて心いらだたし,斎藤茂吉,あらたま,1917,アララギ
この朝け玻璃戸ひらきてうちわたす墓原見れば木々ぞうごける,斎藤茂吉,あらたま,1917,アララギ
すわり居る吾の周圍におのづから溜まりくるものを除らむともせず,斎藤茂吉,あらたま,1917,アララギ
この日ごろ空しく經つつ戀しかるものを尋ねむ心さへなし,斎藤茂吉,あらたま,1917,アララギ
火曜日の午後のひととき湯を浴みに行かむともふ心おこりぬ,斎藤茂吉,あらたま,1917,アララギ
をさなごの咳のおとを氣にしつつ夜の小床に目をあきてをり,斎藤茂吉,あらたま,1917,アララギ
ひさびさに緣に立ちつつさ庭ベの土をし見ればただ乾きたる,斎藤茂吉,あらたま,1917,アララギ
鳴り傳ふ春いかづちの音さへや心燃えたたむおとにあらずも,斎藤茂吉,あらたま,1917,アララギ
こもりつつ百日を經たりしみじみと十年ぶりの思をあがする,斎藤茂吉,あらたま,1917,アララギ
,斎藤茂吉,あらたま,1917,アララギ
折にふれ,斎藤茂吉,あらたま,1917,アララギ
電燈をひくくおろして讀む文字のかすかになりて疲れけるかも,斎藤茂吉,あらたま,1917,アララギ
むらぎもの心なごみてをさなごの直に遊ぶにまじはりにけり,斎藤茂吉,あらたま,1917,アララギ
このゆふべわがさ庭べに男來て石炭の殼すてて去りたり,斎藤茂吉,あらたま,1917,アララギ
過ぎし日のことをかすかに悔いながら春いまだ寒き墓地をもとほる,斎藤茂吉,あらたま,1917,アララギ
さるすべりの細きはだか木むらだちて墓をめぐれりもとほりくれば,斎藤茂吉,あらたま,1917,アララギ
かりそめに病みつつをれば熱高くわとろへし君をけふもしぬびつ,斎藤茂吉,あらたま,1917,アララギ
,斎藤茂吉,あらたま,1917,アララギ
水穗に與ふ五首,斎藤茂吉,あらたま,1917,アララギ
君がつまのたよりよみつつ熱落ちし君を思へり晝床のへに,斎藤茂吉,あらたま,1917,アララギ
つげてこし文をよみつつおとろへて室あゆみをる君をしぬびつ,斎藤茂吉,あらたま,1917,アララギ
わがそばにいとけなき兒を遊ばせてつくづくと見つ直にあそぶを,斎藤茂吉,あらたま,1917,アララギ
墓地かげより響きくる銃の音さへや心にとめていまぞききける,斎藤茂吉,あらたま,1917,アララギ
このあさけ墓原かげの兵營のいらかひかれり夏來るらし,斎藤茂吉,あらたま,1917,アララギ
墓地に來て椎の落葉を聽くときぞ音のさびしき夏は來むかふ,斎藤茂吉,あらたま,1917,アララギ
夏にいる椎の落葉のおと聽けば時雨に似たる音のさびしさ,斎藤茂吉,あらたま,1917,アララギ
眞日おちていまだあかるき墓はらに靑葉のにほひを我はかなしむ,斎藤茂吉,あらたま,1917,アララギ
さみだれの音たてて降るさ庭ベをわが稚兒に見しむる朝や,斎藤茂吉,あらたま,1917,アララギ
しづかなる夜に入りにけり悲しかるおのが心をひとり目守らむ,斎藤茂吉,あらたま,1917,アララギ
をさなごの音もこそせねかかる夜に罪悔しめる人をおもはむ,斎藤茂吉,あらたま,1917,アララギ
,斎藤茂吉,あらたま,1917,アララギ
初夏,斎藤茂吉,あらたま,1917,アララギ
もの投げてこゑをあげたるをさなごをこころ虛しくわれは見がたし,斎藤茂吉,あらたま,1917,アララギ
ひたぶるにあそぶをさなごの額より汗いでにけり夏は來向ふ,斎藤茂吉,あらたま,1917,アララギ
かりそめの病に籠りをさなごを我がかたはらに遊ばせにけり,斎藤茂吉,あらたま,1917,アララギ
をさなごの去りたるあとに散らばれるものを見つめてしまし我が居り,斎藤茂吉,あらたま,1917,アララギ
目の前の屋根瓦より照りかへす初夏のひかりも心がなしも,斎藤茂吉,あらたま,1917,アララギ
かかる日にひと來ずもがなこもりゐて己心のゆらぎをぞ見む,斎藤茂吉,あらたま,1917,アララギ
をさなごの遊ぶを見ればおのづから疊ねぶりをり何かいひつつ,斎藤茂吉,あらたま,1917,アララギ
うちわたす墓はら中にとりよろふ靑葉のしづけさ朝のひかりに,斎藤茂吉,あらたま,1917,アララギ
朝はやく街にいで來てあわただし毛拔を一つもとめてかへる,斎藤茂吉,あらたま,1917,アララギ
夏ちかき空はかがよふ朝なからいそげる我の額に汗わく,斎藤茂吉,あらたま,1917,アララギ
ものぐるひの診察に手間どりてすでに冷たき朝飯を食む,斎藤茂吉,あらたま,1917,アララギ
かりそめに病みつつ居ればほそほそし女のこゑも沁みにけるかも,斎藤茂吉,あらたま,1917,アララギ
こもらへば裏町どほりの遠近に疊をたたく音のさびしさ,斎藤茂吉,あらたま,1917,アララギ
窓したをののしりあひて通りをる埃あつめぐるま窓にひびけり,斎藤茂吉,あらたま,1917,アララギ
室にてうつうつと空は曇れり風ひけるをさなご守りて外に行かしめず,斎藤茂吉,あらたま,1917,アララギ
墓原のかげよりおこる銃のおとわが向つへの窓にこだます,斎藤茂吉,あらたま,1917,アララギ
診察を今しをはりてあが室のうすくらがりにすわわけるかも,斎藤茂吉,あらたま,1917,アララギ
おのづから心足らはずひたぶるにむづかり泣く子を立ちて見に來し,斎藤茂吉,あらたま,1917,アララギ
さみだれのふる音きこゆうすぐらき室ぬちにゐて心やすらふ,斎藤茂吉,あらたま,1917,アララギ
むらぎもの心くるへるをとこらの湯浴むる響しまし聽き居り,斎藤茂吉,あらたま,1917,アララギ
悔いごころあはあはしかり晝つかた外面みなぎり雨のふるおと,斎藤茂吉,あらたま,1917,アララギ
ものこほしく夕さりにけり歸るらむ徒步兵隊の墓地こゆるみゆ,斎藤茂吉,あらたま,1917,アララギ
,斎藤茂吉,あらたま,1917,アララギ
曇り空,斎藤茂吉,あらたま,1917,アララギ
くもり空にうすき煙の立ちのほる夕かたまけて子の音もせず,斎藤茂吉,あらたま,1917,アララギ
鳳仙花いまだ小さくさみだれのしきふる庭の隅にそよげり,斎藤茂吉,あらたま,1917,アララギ
窓のべにいとけなき子を立たしめてわが向つへの森を見てをり,斎藤茂吉,あらたま,1917,アララギ
心こめし爲事をへつつ眞夏日のかがよふ^みらくしよしも,斎藤茂吉,あらたま,1917,アララギ
うすぐらき病室に來て物言ふ時わが額のへに汗いでにけり,斎藤茂吉,あらたま,1917,アララギ
ひとときの梅雨の晴間にさ庭ベの軍鷄の羽ばたき見てゐるわれは,斎藤茂吉,あらたま,1917,アララギ
硝子ごしむかひに見ゆる栗の木の栗の白花すぎにけるかも,斎藤茂吉,あらたま,1917,アララギ
まむかひの墓原なかにいつしかも白き墓ひとつ見えそめにけり,斎藤茂吉,あらたま,1917,アララギ
,斎藤茂吉,あらたま,1917,アララギ
日暈,斎藤茂吉,あらたま,1917,アララギ
をさなごは疊のうへに立ちて居りこの稱兒は立ちそめにけり,斎藤茂吉,あらたま,1917,アララギ
へやに歸り何もせず居りにはとりの長鳴鳥がきほひ鳴くはや,斎藤茂吉,あらたま,1917,アララギ
知れる人たづねても來ずうすぐもる午後のさ庭に書を干し居か,斎藤茂吉,あらたま,1917,アララギ
いちじろくあらはれし大き日暈はくもりいよいよふかく消につつ,斎藤茂吉,あらたま,1917,アララギ
みなみかせ空吹くなべにあまつ日をめぐりて立てる虹のいろかも,斎藤茂吉,あらたま,1917,アララギ
うすじめる書もちいだしさ庭ベの隅のひかりに書なめて干す,斎藤茂吉,あらたま,1917,アララギ
くもりぞら電柱のいただきにともりたる光は赤く晝すぎにけり,斎藤茂吉,あらたま,1917,アララギ
ひる過ぎて空くもりつつ道のべの電燈あかくわが室ゆ見ゆ,斎藤茂吉,あらたま,1917,アララギ
室にゐて汗あえにつつ古き手紙ふるき葉書を整理し時經し,斎藤茂吉,あらたま,1917,アララギ
病室の亞鉛の屋根を塗りかふる男のうしろをしまし見てをり,斎藤茂吉,あらたま,1917,アララギ
,斎藤茂吉,あらたま,1917,アララギ
漫吟,斎藤茂吉,あらたま,1917,アララギ
汗あえて洋服を著むわづかなる時のひまさへつまを叱れり,斎藤茂吉,あらたま,1917,アララギ
をさなごはつひに步めりさ庭ベの土ふましめてかなしむわれは,斎藤茂吉,あらたま,1917,アララギ
みちのくの病みふす友に書かくとしばし心を落つけにけり,斎藤茂吉,あらたま,1917,アララギ
街に來て人だかりさへ見むは憂し心さびしくなりにけるかも,斎藤茂吉,あらたま,1917,アララギ
墓はらを徒步兵隊の越えゆきてしばらく人の見えぬさびしさ,斎藤茂吉,あらたま,1917,アララギ
こうこうと南風ふく窓のべにをさなご立たせ雞ゆくを見しむ,斎藤茂吉,あらたま,1917,アララギ
目のさき甍のうへを跳ねあゆむ鴉を見れば大きかるかも,斎藤茂吉,あらたま,1917,アララギ
狂院の病室が見ゆつり垂れしひくき電燈にちかよる人がほ,斎藤茂吉,あらたま,1917,アララギ
,斎藤茂吉,あらたま,1917,アララギ
晩夏,斎藤茂吉,あらたま,1917,アララギ
日日にあわただしさのつのりきて晚夏の街をわれは急げり,斎藤茂吉,あらたま,1917,アララギ
むらぎもの心はりつめしましくは幻覺をもつをとこにいす,斎藤茂吉,あらたま,1917,アララギ
馬追は庭に來鳴けり心ぐし溜りし為事いまだはたさず,斎藤茂吉,あらたま,1917,アララギ
さるすべりの木の下かげにをさなごの茂太を率つつ蟻をころせり,斎藤茂吉,あらたま,1917,アララギ
電燈の光とどかぬ宵やみのひくき空より蛾はとびて來つ,斎藤茂吉,あらたま,1917,アララギ
ものさびしく室に居りつつみちのくの溫泉街の弟おもへり,斎藤茂吉,あらたま,1917,アララギ
味噌汁をはこぶ男のうしろより默してわれは病室に入る,斎藤茂吉,あらたま,1917,アララギ
晚夏の月あかき夜に墓地あひの細きとほりを行きて歸るも,斎藤茂吉,あらたま,1917,アララギ
,斎藤茂吉,あらたま,1917,アララギ
日日,斎藤茂吉,あらたま,1917,アララギ
いらだたしもよ朝の電車に乘りあへるひとのことごと罪なきごとし,斎藤茂吉,あらたま,1917,アララギ
晚夏のひかりしみ入れり目のまへの石垣面のしろき大石,斎藤茂吉,あらたま,1917,アララギ
跳ねてこし黑き蛼ひとめみむ時の間もあらめはじきとばせり,斎藤茂吉,あらたま,1917,アララギ
うらさびしき女にあひて手の甲の靜脈まもる朝のひととき,斎藤茂吉,あらたま,1917,アララギ
おもおもと曇りて暑き坂下に竝みてたたずむ鐵はこぶうま,斎藤茂吉,あらたま,1917,アララギ
夜ふけて久しとおもふにわが臥せる室のそと道をとほる人あり,斎藤茂吉,あらたま,1917,アララギ
兵營のねむりの喇叭しとしとと降り居る雨のなかよりきこゆ,斎藤茂吉,あらたま,1917,アララギ
汗ばみて室にすわれりーしきり墓地下とほる電車きこえぬ,斎藤茂吉,あらたま,1917,アララギ
,斎藤茂吉,あらたま,1917,アララギ
停電,斎藤茂吉,あらたま,1917,アララギ
晚夏のひかりしみとほる見附したむきむきに電車停電し居り,斎藤茂吉,あらたま,1917,アララギ
しづかなる午後の日ざかりを行きし牛坂のなかばを今しあゆめる,斎藤茂吉,あらたま,1917,アララギ
夏の日の照りとほりたる街なかをひと往き來れどしづけさあはれ,斎藤茂吉,あらたま,1917,アララギ
午後の陽の照りのしづまり停電の電車は一つ坂うへに見ゆ,斎藤茂吉,あらたま,1917,アララギ
停電の街の日でりを行きもどる撒水ぐるまの音のさびしさ,斎藤茂吉,あらたま,1917,アララギ
,斎藤茂吉,あらたま,1917,アララギ
午後,斎藤茂吉,あらたま,1917,アララギ
診察ををはりて洋服をぬぐひまもむかう病室の音をわがきく,斎藤茂吉,あらたま,1917,アララギ
海山よりとどきしたよりのいくつにも返事せずけふも暮れなむ,斎藤茂吉,あらたま,1917,アララギ
うつうつと暑さいきるる病室の壁にむかひて男もだせり,斎藤茂吉,あらたま,1917,アララギ
はりつめてことに隨はむわがこころ眞夏八十日もつひに過ぎなむ,斎藤茂吉,あらたま,1917,アララギ
寒蟬は鳴きそめにけりなりはひのしげく明けくれて幾日か經たる,斎藤茂吉,あらたま,1917,アララギ
,斎藤茂吉,あらたま,1917,アララギ
馬追,斎藤茂吉,あらたま,1917,アララギ
馬追の來啼ける夜となりけりと人に告げざらむききのさびしさ,斎藤茂吉,あらたま,1917,アララギ
馬追はつひに來啼けりさ庭ベの草むらなかに雨ふるおとす,斎藤茂吉,あらたま,1917,アララギ
いそぎ啼く馬追がねやめざめゐて心さびしめるわれもこそきけ,斎藤茂吉,あらたま,1917,アララギ
あかときはいまだをぐらしさむざむとわがまぢかくに馬追なけり,斎藤茂吉,あらたま,1917,アララギ
あかつきの馬追ききつ悔しみてひとりめざめゐる心ゆらぎに,斎藤茂吉,あらたま,1917,アララギ
このひごろつかれたりけりあかつきの夢さへ恐れてひとり起きいづ,斎藤茂吉,あらたま,1917,アララギ
あわただし明暮夜のめぐりさへ言問はぬかなや靑き馬追,斎藤茂吉,あらたま,1917,アララギ
,斎藤茂吉,あらたま,1917,アララギ
箱根漫吟,斎藤茂吉,あらたま,1917,アララギ
大正六年十月九日、渡邊草童、瀨戸佐太郞二君と小田原に會,斎藤茂吉,あらたま,1917,アララギ
飮す。翌十日ひとり箱根五段に行く。日々浴泉してしづかに,斎藤茂吉,あらたま,1917,アララギ
生を養ふ。廿一日妻東京より來る。廿六日下山。夜に入り東,斎藤茂吉,あらたま,1917,アララギ
京靑山に歸る。折々に詠み棄てたる歌どもをここに錄す。,斎藤茂吉,あらたま,1917,アララギ
ひむがしの海の上の空あかあかとこのやまの峽間に雨みだれふる,斎藤茂吉,あらたま,1917,アララギ
山がはの嶋りのひびきを吾嬬の家さかり來て聞けばするどし,斎藤茂吉,あらたま,1917,アララギ
わが親しみしものぐるひの幾人を心にしぬぶ山をゆきつつ,斎藤茂吉,あらたま,1917,アララギ
いきづめる我が目交にあらはれし鷹の巢山に天つ日照れり,斎藤茂吉,あらたま,1917,アララギ
秋ふけし箱根の山をあゆみつつ水のべ來れば吹く風さむし,斎藤茂吉,あらたま,1917,アララギ
われひとり寂しく聞けり山かげに石切る音がこだまし居るかな,斎藤茂吉,あらたま,1917,アララギ
山がはに寒き風ふき大石のむらがれるかげにひとりわが居つ,斎藤茂吉,あらたま,1917,アララギ
さかさまに山のみねよりながれくるさぎりの渦をまともにか見む,斎藤茂吉,あらたま,1917,アララギ
現はるる高山のくろぐろとうねりゆきつつ息づくごとし,斎藤茂吉,あらたま,1917,アララギ
ふかきはざまの底ひに立ちて天つ日をかなし命のまにまにも見む,斎藤茂吉,あらたま,1917,アララギ
ちり亂るる峽間の木の葉きぞの夜のあらしの雨に打たれけるかも,斎藤茂吉,あらたま,1917,アララギ
山川の成りのまにまに險しきを踏み通りつつ狹霧に濡れぬ,斎藤茂吉,あらたま,1917,アララギ
たたなはる八峯の上を雲のかげ動くを見れば心すがしも,斎藤茂吉,あらたま,1917,アララギ
さやかなる空にか黑き山膚はうねりをうちて谿にかくろふ,斎藤茂吉,あらたま,1917,アララギ
むらぎものみだれしづまらず峽ふかくひとりこもれど峽の音かなし,斎藤茂吉,あらたま,1917,アララギ
やまみづのたぎつ峽間に光さし大き石ただにむらがり居れり,斎藤茂吉,あらたま,1917,アララギ
かみな月十日山べを行きしかば虹あらはれぬ山の峽より,斎藤茂吉,あらたま,1917,アララギ
前山はすでにかげるに奧山はいまあかあかと照りにたらずや,斎藤茂吉,あらたま,1917,アララギ
おのづから遶りあふ山のながれみづいよいよ細し山ふかみつつ,斎藤茂吉,あらたま,1917,アララギ
ま澄空にさやかに照れる高山の谿ふかぶかと陰をつくりぬ,斎藤茂吉,あらたま,1917,アララギ
ゆふぐれのをぐらきに入りて谿ぞこに石なげうてば谿木精すも,斎藤茂吉,あらたま,1917,アララギ
目のもとのふかき峽問は朝霧の滿ちの湛へに飛ぶ鳥もなし,斎藤茂吉,あらたま,1917,アララギ
くろがねの色に照り立つ高山の尾ぬれは深く谿にしづめり,斎藤茂吉,あらたま,1917,アララギ
峯向を人のゆく見ゆしみじみと見ゆる山みちも照りかげりつつ,斎藤茂吉,あらたま,1917,アララギ
あまつ日の光をうけし嚴し山うねりをうちて山襞くらし,斎藤茂吉,あらたま,1917,アララギ
白なみの立ちてながるる早川の丘べのみちにわれはつかれぬ,斎藤茂吉,あらたま,1917,アララギ
乳いろにたたふる霧は狹まれる山のはざまに動かぬごとし,斎藤茂吉,あらたま,1917,アララギ
つかれつつ赤埴路ゆくわがまなかひにすでにあらはるる襞ふかき山,斎藤茂吉,あらたま,1917,アララギ
山ゆかば心和ぐやと來しかどもわが胸いたしもみぢちりつつ,斎藤茂吉,あらたま,1917,アララギ
わがこころしまし空しきに暗谷の低空なかを鳥なき過ぎぬ,斎藤茂吉,あらたま,1917,アララギ
打なびく萱くさやまに直向ふ靑淸山の尾ぬれ見えずも,斎藤茂吉,あらたま,1917,アララギ
たたなづく靑山の秀に朝日子の美のひかりはさしそめにけり,斎藤茂吉,あらたま,1917,アララギ
湯を浴みて我は眠れりぬば玉の夜のすがらを嗚れる水おと,斎藤茂吉,あらたま,1917,アララギ
こほろぎのほそく鳴きゐる山上を淸に照して月かたぶきぬ,斎藤茂吉,あらたま,1917,アララギ
大き石むらがりにけり山がはのたぎちに近くうち迫りつつ,斎藤茂吉,あらたま,1917,アララギ
石の間に砂をゆるがし湧く水の淸しきかなや我は見つるに,斎藤茂吉,あらたま,1917,アララギ
宵ごとに灯ともして白き蛾の飛びすがれるを殺しけるかな,斎藤茂吉,あらたま,1917,アララギ
しづかなる砂地あはれめりひたぶるに大き石むれてあらき川原に,斎藤茂吉,あらたま,1917,アララギ
さびしみてひとり下り來し山がはの岸の滑岩ぬれてゐにけり,斎藤茂吉,あらたま,1917,アララギ
大石のむらがる峽に入り來つつ心はりつめて石を見て居り,斎藤茂吉,あらたま,1917,アララギ
せまりつつ峽間は深し天つ日の白く照りたるはあはれなるかも,斎藤茂吉,あらたま,1917,アララギ
暗谷の流の上を尋めしかばあはれひとところ谷の明るさ,斎藤茂吉,あらたま,1917,アララギ
この深き峽間の底にさにづらふ紅葉ちりつつ時ゆきぬらむ,斎藤茂吉,あらたま,1917,アララギ
わたる日の暮れつつゆけば歸るらむ鴉は低し山峽のそら,斎藤茂吉,あらたま,1917,アララギ
この世のものと思へど遙にてこだま相とよむ谿に來にけり,斎藤茂吉,あらたま,1917,アララギ
紺ふかきりんだうの花をあがつまと道に摘みしが棄てにけるかも,斎藤茂吉,あらたま,1917,アララギ
山路をのぼりつめつつむかうにはしろがねの色に湖ひかりたり,斎藤茂吉,あらたま,1917,アララギ
あらそはず行かしめたまへたづさはり吾妻としづかに額ふしにけり,斎藤茂吉,あらたま,1917,アララギ
いにしへの碓氷峠ののぼり路にわれを恐れて飛ぶ小鳥あり,斎藤茂吉,あらたま,1917,アララギ
ここにして顧りみすれば高山の峯はかくろふ低山のかげに,斎藤茂吉,あらたま,1917,アララギ
ゆふぐれの道は峽間に細りつつ崖のおもよりこほろぎのこゑ,斎藤茂吉,あらたま,1917,アララギ
山あざみの花をあはれみ丘貫きて水おち激つほとりにぞ來し,斎藤茂吉,あらたま,1917,アララギ
芦の湯に近づきぬらし波だてる高野原の上に黑き山みゆ,斎藤茂吉,あらたま,1917,アララギ
薄波よる高野こえきて山峽はいよいよふかし我ぞ入りゆく,斎藤茂吉,あらたま,1917,アララギ
乙女峠に風さむくして富士が嶺の裾野に響き砲うつを見つ,斎藤茂吉,あらたま,1917,アララギ
澄みはてし空の彼方にとほざかる双子の山の秋のいろはや,斎藤茂吉,あらたま,1917,アララギ
さびしさに我のこもりし山川をあつみ淸けみまたかへりみむ,斎藤茂吉,あらたま,1917,アララギ
,斎藤茂吉,あらたま,1917,アララギ
長崎へ,斎藤茂吉,あらたま,1917,アララギ
箱根より歸れば、おもひまうけぬ長崎に行くこととなりつ。十一月はじめ一たび東京長崎間を往反す。十二月四日辭令を受く。十七日午前八時五分束京を發し、十八日午後五時五分長崎に著す。,斎藤茂吉,あらたま,1917,アララギ
いつしかも寒くなりつつ長崎へわが行かむ日は近づきにけり,斎藤茂吉,あらたま,1917,アララギ
目の前のいらかの上に白霜の降れるを見ればつひに寂しき,斎藤茂吉,あらたま,1917,アララギ
ひれぶるに汽車走りつつ富士が根のすでに小きをふりさけにけり,斎藤茂吉,あらたま,1917,アララギ
おもおもと雲せまりつつ暮れかかる伊吹連山に雪つもる見ゆ,斎藤茂吉,あらたま,1917,アララギ
西ぞらにしづかなる雲たなびきて近江の海は暮れにけるかも,斎藤茂吉,あらたま,1917,アララギ
佐賀驛を汽車すぐるとき灰色の雲さむき山をしばし目守れり,斎藤茂吉,あらたま,1917,アララギ
さむざむとしぐれ來にけり朝鮮に近き空よりしぐれ來ぬらむ,斎藤茂吉,あらたま,1917,アララギ
長崎のみなとの色に見入るとき遥けくも吾は來りけるかも,斎藤茂吉,あらたま,1917,アララギ
あはれあはれここは肥前の長崎か唐寺の甍にふる寒き雨,斎藤茂吉,あらたま,1917,アララギ
しらぬひ筑紫の國の長崎にしはぶきにつつ一夜ねにけり,斎藤茂吉,あらたま,1917,アララギ
しづかなる港のいろや朝飯のしろく息たつを食ひつつおもふ,斎藤茂吉,あらたま,1917,アララギ
朝あけて船より鳴れる太笛のこだまはながし竝みよろふ山,斎藤茂吉,あらたま,1917,アララギ
